Gene,Plate,QC
CNAG_07448,0,PASS
CNAG_05662,0,PASS
CNAG_07436,0,Primer fail
CNAG_02123,0,PASS
CNAG_05641,0,PASS
CNAG_05329,0,PASS
CNAG_05590,0,PASS
CNAG_07869,0,PASS
CNAG_05340,0,PASS
CNAG_05265,0,PASS
CNAG_05638,0,PASS
CNAG_05639,0,PASS
CNAG_06346,0,PASS
CNAG_06347,0,PASS
CNAG_02581,0,PASS
CNAG_02580,0,PASS
CNAG_07939,0,PASS
CNAG_06493,0,PASS
CNAG_06201,0,PASS
CNAG_06104,0,PASS
CNAG_06081,0,PASS
CNAG_07902,0,PASS
CNAG_00269,0,PASS
CNAG_06242,0,PASS
CNAG_06186,0,Primer fail
CNAG_05799,0,PASS
CNAG_01551,0,PASS
CNAG_06758,0,PASS
CNAG_02911,0,PASS
CNAG_01983,0,PASS
CNAG_02912,0,PASS
CNAG_01680,0,PASS
CNAG_01621,0,PASS
CNAG_03320,0,PASS
CNAG_01988,0,PASS
CNAG_01353,0,PASS
CNAG_01939,0,PASS
CNAG_01993,0,PASS
CNAG_01992,0,PASS
CNAG_01354,0,PASS
CNAG_01562,0,PASS
CNAG_01925,0,PASS
CNAG_02815,0,PASS
CNAG_04756,0,PASS
CNAG_02814,0,PASS
CNAG_04807,0,PASS
CNAG_06433,0,PASS
CNAG_01533,0,PASS
CNAG_04737,0,PASS
CNAG_03146,0,PASS
CNAG_04874,0,PASS
CNAG_04868,0,PASS
CNAG_04752,0,PASS
CNAG_04753,0,PASS
CNAG_04909,0,PASS
CNAG_04908,0,PASS
CNAG_04659,0,PASS
CNAG_04623,0,PASS
CNAG_04518,0,PASS
CNAG_03856,0,PASS
CNAG_06918,0,PASS
CNAG_07525,0,PASS
CNAG_04436,0,PASS
CNAG_02705,0,PASS
CNAG_04271,0,PASS
CNAG_04270,0,PASS
CNAG_03346,0,PASS
CNAG_03433,0,PASS
CNAG_07784,0,PASS
CNAG_00191,0,PASS
CNAG_07742,0,PASS
CNAG_03438,0,PASS
CNAG_03223,0,PASS
CNAG_03142,0,PASS
CNAG_03143,0,PASS
CNAG_03545,0,PASS
CNAG_03161,0,PASS
CNAG_03566,0,PASS
CNAG_02216,0,PASS
CNAG_05835,0,PASS
CNAG_05864,0,PASS
CNAG_06567,0,PASS
CNAG_05742,0,PASS
CNAG_05743,0,PASS
CNAG_05867,0,Primer fail
CNAG_05685,0,PASS
CNAG_05684,0,PASS
CNAG_05785,0,PASS
CNAG_05843,0,PASS
CNAG_06554,0,PASS
CNAG_02217,0,PASS
CNAG_02188,0,PASS
CNAG_02182,0,PASS
CNAG_07631,0,PASS
CNAG_02371,0,PASS
CNAG_07633,0,Fail
CNAG_01069,1,PASS
CNAG_00896,1,PASS
CNAG_06719,1,PASS
CNAG_03669,1,PASS
CNAG_00031,1,PASS
CNAG_07332,1,PASS
CNAG_07387,1,PASS
CNAG_00828,1,PASS
CNAG_00830,1,PASS
CNAG_00841,1,PASS
CNAG_02774,1,PASS
CNAG_06531,1,PASS
CNAG_07856,1,PASS
CNAG_03336,1,PASS
CNAG_01553,1,PASS
CNAG_06339,1,PASS
CNAG_03121,1,PASS
CNAG_01009,1,PASS
CNAG_04534,1,PASS
CNAG_01010,1,PASS
CNAG_07616,1,PASS
CNAG_07867,1,PASS
CNAG_01796,1,PASS
CNAG_06425,1,PASS
CNAG_01795,1,PASS
CNAG_02603,1,Primer fail
CNAG_06912,1,PASS
CNAG_02525,1,Fail
CNAG_03431,1,Fail
CNAG_05049,1,PASS
CNAG_05380,1,PASS
CNAG_03914,1,PASS
CNAG_02476,1,PASS
CNAG_07583,1,PASS
CNAG_02466,1,PASS
CNAG_05112,1,PASS
CNAG_06913,1,PASS
CNAG_06817,1,PASS
CNAG_00246,1,Fail
CNAG_03977,1,PASS
CNAG_00247,1,PASS
CNAG_00791,1,PASS
CNAG_07845,1,PASS
CNAG_06751,1,PASS
CNAG_05375,1,PASS
CNAG_02516,1,PASS
CNAG_04804,1,PASS
CNAG_00627,1,PASS
CNAG_07725,1,PASS
CNAG_06203,1,PASS
CNAG_00193,1,PASS
CNAG_00514,1,PASS
CNAG_01883,1,PASS
CNAG_03401,1,PASS
CNAG_02435,1,PASS
CNAG_04816,1,PASS
CNAG_01708,1,PASS
CNAG_03605,1,PASS
CNAG_03606,1,Fail
CNAG_04842,1,PASS
CNAG_03700,1,PASS
CNAG_07320,1,PASS
CNAG_03940,1,Fail
CNAG_05215,1,PASS
CNAG_01438,1,PASS
CNAG_07464,1,PASS
CNAG_00139,1,PASS
CNAG_00301,1,PASS
CNAG_02063,1,PASS
CNAG_04586,1,PASS
CNAG_05093,1,PASS
CNAG_05176,1,PASS
CNAG_01576,1,PASS
CNAG_01014,1,PASS
CNAG_00998,1,PASS
CNAG_00039,1,PASS
CNAG_07329,1,PASS
CNAG_01454,1,PASS
CNAG_02700,1,Fail
CNAG_06327,1,PASS
CNAG_03788,1,PASS
CNAG_04018,1,PASS
CNAG_00871,1,PASS
CNAG_01889,1,PASS
CNAG_00559,1,PASS
CNAG_07370,1,PASS
CNAG_00732,1,PASS
CNAG_04630,1,PASS
CNAG_07940,1,PASS
CNAG_04792,1,PASS
CNAG_02589,1,PASS
CNAG_05067,1,PASS
CNAG_05820,1,PASS
CNAG_01645,1,PASS
CNAG_06134,1,PASS
CNAG_00141,1,PASS
CNAG_01108,2,PASS
CNAG_01242,2,PASS
CNAG_01109,2,PASS
CNAG_05667,2,PASS
CNAG_02788,2,PASS
CNAG_07435,2,PASS
CNAG_03998,2,PASS
CNAG_05668,2,Fail
CNAG_03308,2,PASS
CNAG_00883,2,PASS
CNAG_01610,2,Fail
CNAG_03741,2,PASS
CNAG_03745,2,PASS
CNAG_01611,2,PASS
CNAG_00192,2,Primer fail
CNAG_02800,2,PASS
CNAG_06871,2,PASS
CNAG_04457,2,PASS
CNAG_02801,2,PASS
CNAG_02723,2,PASS
CNAG_04588,2,PASS
CNAG_01977,2,PASS
CNAG_07617,2,PASS
CNAG_03894,2,PASS
CNAG_04012,2,PASS
CNAG_00091,2,PASS
CNAG_01487,2,PASS
CNAG_03561,2,PASS
CNAG_05170,2,PASS
CNAG_04041,2,PASS
CNAG_02364,2,PASS
CNAG_03463,2,PASS
CNAG_02083,2,PASS
CNAG_02322,2,PASS
CNAG_04184,2,PASS
CNAG_05255,2,PASS
CNAG_05642,2,PASS
CNAG_03059,2,PASS
CNAG_03018,2,PASS
CNAG_07901,2,PASS
CNAG_03086,2,PASS
CNAG_05328,2,Fail
CNAG_04916,2,PASS
CNAG_06097,2,PASS
CNAG_03115,2,PASS
CNAG_03132,2,PASS
CNAG_04841,2,PASS
CNAG_05550,2,PASS
CNAG_05653,2,PASS
CNAG_04861,2,PASS
CNAG_06188,2,PASS
CNAG_02877,2,PASS
CNAG_07602,2,PASS
CNAG_04359,2,PASS
CNAG_04774,2,PASS
CNAG_06096,2,PASS
CNAG_02066,2,PASS
CNAG_07922,2,PASS
CNAG_05657,2,Fail
CNAG_06601,2,PASS
CNAG_06638,2,PASS
CNAG_03409,2,PASS
CNAG_02678,2,PASS
CNAG_04637,2,PASS
CNAG_02677,2,PASS
CNAG_03266,2,PASS
CNAG_02299,2,PASS
CNAG_06628,2,PASS
CNAG_00564,2,PASS
CNAG_05695,2,PASS
CNAG_06614,2,PASS
CNAG_04408,2,PASS
CNAG_05697,2,PASS
CNAG_02697,2,PASS
CNAG_06205,2,PASS
CNAG_05372,2,PASS
CNAG_03716,2,Fail
CNAG_04507,2,PASS
CNAG_04506,2,PASS
CNAG_01081,2,PASS
CNAG_00462,2,PASS
CNAG_00461,2,PASS
CNAG_05138,2,PASS
CNAG_07383,2,Fail
CNAG_00733,2,PASS
CNAG_03910,2,PASS
CNAG_04059,2,PASS
CNAG_06800,2,PASS
CNAG_05181,2,PASS
CNAG_03915,2,PASS
CNAG_03772,2,PASS
CNAG_00445,2,PASS
CNAG_06694,2,PASS
CNAG_01947,2,PASS
CNAG_05312,2,PASS
CNAG_02179,2,PASS
CNAG_03012,3,PASS
CNAG_03011,3,PASS
CNAG_05726,3,PASS
CNAG_00337,3,PASS
CNAG_06200,3,PASS
CNAG_02682,3,PASS
CNAG_02683,3,PASS
CNAG_05725,3,PASS
CNAG_04280,3,PASS
CNAG_00183,3,PASS
CNAG_04159,3,PASS
CNAG_07548,3,Primer fail
CNAG_04741,3,PASS
CNAG_05012,3,PASS
CNAG_05595,3,PASS
CNAG_06207,3,PASS
CNAG_07512,3,PASS
CNAG_03563,3,PASS
CNAG_01230,3,PASS
CNAG_05264,3,PASS
CNAG_05263,3,PASS
CNAG_01681,3,PASS
CNAG_03564,3,PASS
CNAG_01040,3,PASS
CNAG_05292,3,PASS
CNAG_00179,3,PASS
CNAG_01539,3,PASS
CNAG_00598,3,PASS
CNAG_05229,3,PASS
CNAG_01138,3,PASS
CNAG_00597,3,Fail
CNAG_04373,3,PASS
CNAG_02797,3,PASS
CNAG_02060,3,PASS
CNAG_02220,3,PASS
CNAG_00674,3,PASS
CNAG_07554,3,PASS
CNAG_03013,3,Fail
CNAG_00676,3,PASS
CNAG_04981,3,PASS
CNAG_04980,3,PASS
CNAG_00675,3,PASS
CNAG_00456,3,PASS
CNAG_02599,3,PASS
CNAG_02152,3,PASS
CNAG_05731,3,Fail
CNAG_05732,3,PASS
CNAG_00107,3,PASS
CNAG_00106,3,PASS
CNAG_00015,3,PASS
CNAG_03847,3,PASS
CNAG_03848,3,PASS
CNAG_02964,3,PASS
CNAG_01013,3,PASS
CNAG_02777,3,PASS
CNAG_07523,3,PASS
CNAG_04990,3,PASS
CNAG_04991,3,PASS
CNAG_00531,3,PASS
CNAG_05159,3,PASS
CNAG_05079,3,PASS
CNAG_05080,3,PASS
CNAG_04869,3,PASS
CNAG_00164,3,PASS
CNAG_01175,3,PASS
CNAG_04077,3,PASS
CNAG_01082,3,PASS
CNAG_04658,3,PASS
CNAG_03727,3,PASS
CNAG_03676,3,PASS
CNAG_07401,3,PASS
CNAG_03841,3,PASS
CNAG_06761,3,PASS
CNAG_06760,3,PASS
CNAG_05076,3,PASS
CNAG_03670,3,PASS
CNAG_02553,3,PASS
CNAG_02554,3,PASS
CNAG_00546,3,PASS
CNAG_00702,3,PASS
CNAG_00897,3,PASS
CNAG_05907,3,Fail
CNAG_05148,3,PASS
CNAG_05147,3,PASS
CNAG_01125,3,Fail
CNAG_01126,3,PASS
CNAG_05908,3,PASS
CNAG_01446,3,PASS
CNAG_00503,3,PASS
CNAG_04024,3,PASS
CNAG_03764,3,PASS
CNAG_02348,3,PASS
CNAG_02347,3,PASS
CNAG_00394,3,PASS
CNAG_00393,3,PASS
CNAG_06555,3,PASS
CNAG_01019,4,PASS
CNAG_02751,4,PASS
CNAG_00374,4,PASS
CNAG_00654,4,PASS
CNAG_07541,4,PASS
CNAG_01690,4,PASS
CNAG_00363,4,PASS
CNAG_05973,4,PASS
CNAG_05915,4,PASS
CNAG_05916,4,PASS
CNAG_01154,4,PASS
CNAG_00919,4,PASS
CNAG_04974,4,PASS
CNAG_02389,4,PASS
CNAG_02675,4,Fail
CNAG_01985,4,PASS
CNAG_01184,4,PASS
CNAG_01183,4,PASS
CNAG_04397,4,PASS
CNAG_04163,4,PASS
CNAG_04162,4,PASS
CNAG_04398,4,PASS
CNAG_01777,4,PASS
CNAG_01778,4,PASS
CNAG_05889,4,PASS
CNAG_05888,4,PASS
CNAG_04217,4,PASS
CNAG_03079,4,PASS
CNAG_03173,4,Primer fail
CNAG_07701,4,PASS
CNAG_00052,4,PASS
CNAG_07388,4,PASS
CNAG_00051,4,PASS
CNAG_03644,4,PASS
CNAG_06785,4,Fail
CNAG_03937,4,PASS
CNAG_03936,4,PASS
CNAG_02132,4,PASS
CNAG_00581,4,PASS
CNAG_05547,4,PASS
CNAG_02044,4,PASS
CNAG_05548,4,PASS
CNAG_04950,4,PASS
CNAG_04949,4,Primer fail
CNAG_01865,4,PASS
CNAG_05870,4,PASS
CNAG_00717,4,PASS
CNAG_06926,4,PASS
CNAG_06896,4,PASS
CNAG_04631,4,PASS
CNAG_05812,4,PASS
CNAG_00079,4,PASS
CNAG_06657,4,PASS
CNAG_06658,4,PASS
CNAG_05993,4,PASS
CNAG_05994,4,PASS
CNAG_04675,4,PASS
CNAG_01318,4,PASS
CNAG_05430,4,PASS
CNAG_05429,4,PASS
CNAG_02517,4,PASS
CNAG_05113,4,PASS
CNAG_07419,4,PASS
CNAG_02040,4,PASS
CNAG_03328,4,PASS
CNAG_03329,4,PASS
CNAG_04471,4,PASS
CNAG_04472,4,PASS
CNAG_01920,4,Fail
CNAG_01919,4,PASS
CNAG_07500,4,Fail
CNAG_03075,4,Fail
CNAG_03884,4,PASS
CNAG_00699,4,PASS
CNAG_00137,4,PASS
CNAG_06344,4,PASS
CNAG_06343,4,PASS
CNAG_05352,4,PASS
CNAG_02293,4,PASS
CNAG_02292,4,PASS
CNAG_07441,4,Fail
CNAG_07442,4,PASS
CNAG_01523,4,PASS
CNAG_05415,4,PASS
CNAG_03946,4,Primer fail
CNAG_07486,4,PASS
CNAG_07313,4,PASS
CNAG_00126,4,PASS
CNAG_00710,4,PASS
CNAG_02263,4,PASS
CNAG_05288,4,PASS
CNAG_04186,4,Primer fail
CNAG_03689,4,PASS
CNAG_01704,4,PASS
CNAG_00474,4,PASS
CNAG_07347,4,PASS
CNAG_04618,5,PASS
CNAG_05290,5,Fail
CNAG_07827,5,PASS
CNAG_07516,5,PASS
CNAG_02849,5,PASS
CNAG_05177,5,PASS
CNAG_00156,5,PASS
CNAG_02472,5,PASS
CNAG_04892,5,Fail
CNAG_04891,5,PASS
CNAG_04992,5,Fail
CNAG_02090,5,PASS
CNAG_01776,5,PASS
CNAG_07605,5,PASS
CNAG_01846,5,PASS
CNAG_04853,5,PASS
CNAG_02539,5,PASS
CNAG_02540,5,PASS
CNAG_00129,5,PASS
CNAG_01701,5,PASS
CNAG_03572,5,PASS
CNAG_00798,5,PASS
CNAG_00799,5,PASS
CNAG_02850,5,Fail
CNAG_04656,5,PASS
CNAG_04657,5,PASS
CNAG_04385,5,PASS
CNAG_04386,5,PASS
CNAG_07847,5,PASS
CNAG_02226,5,PASS
CNAG_02225,5,PASS
CNAG_04860,5,PASS
CNAG_03101,5,PASS
CNAG_03524,5,PASS
CNAG_01542,5,PASS
CNAG_03732,5,PASS
CNAG_03247,5,PASS
CNAG_06232,5,PASS
CNAG_03193,5,PASS
CNAG_00797,5,PASS
CNAG_06574,5,PASS
CNAG_02848,5,PASS
CNAG_04663,5,PASS
CNAG_01575,5,PASS
CNAG_02944,5,PASS
CNAG_05872,5,PASS
CNAG_05998,5,PASS
CNAG_02775,5,PASS
CNAG_01113,5,PASS
CNAG_01112,5,PASS
CNAG_06973,5,PASS
CNAG_01476,5,Fail
CNAG_03754,5,PASS
CNAG_01475,5,PASS
CNAG_00476,5,Fail
CNAG_03765,5,PASS
CNAG_04524,5,PASS
CNAG_06501,5,PASS
CNAG_06502,5,PASS
CNAG_06863,5,PASS
CNAG_04691,5,PASS
CNAG_03562,5,PASS
CNAG_07716,5,PASS
CNAG_01062,5,PASS
CNAG_03199,5,PASS
CNAG_02830,5,PASS
CNAG_04633,5,PASS
CNAG_01930,5,PASS
CNAG_00737,5,PASS
CNAG_04983,5,PASS
CNAG_04982,5,PASS
CNAG_03051,5,PASS
CNAG_01448,5,Fail
CNAG_02526,5,PASS
CNAG_03050,5,PASS
CNAG_07685,5,PASS
CNAG_03902,5,PASS
CNAG_02011,5,PASS
CNAG_02010,5,PASS
CNAG_05156,5,PASS
CNAG_01643,5,PASS
CNAG_00260,5,PASS
CNAG_05727,5,PASS
CNAG_03857,5,PASS
CNAG_04705,5,PASS
CNAG_01420,5,PASS
CNAG_00261,5,PASS
CNAG_07519,5,Fail
CNAG_00078,5,PASS
CNAG_06240,5,PASS
CNAG_05304,5,PASS
CNAG_01118,5,PASS
CNAG_03867,5,PASS
CNAG_02533,5,PASS
CNAG_06594,5,PASS
CNAG_06595,5,PASS
CNAG_06000,6,PASS
CNAG_01921,6,Fail
CNAG_00519,6,PASS
CNAG_00588,6,PASS
CNAG_03168,6,PASS
CNAG_01525,6,PASS
CNAG_01524,6,PASS
CNAG_04594,6,PASS
CNAG_06993,6,PASS
CNAG_06776,6,PASS
CNAG_06424,6,PASS
CNAG_02588,6,PASS
CNAG_06905,6,PASS
CNAG_06904,6,PASS
CNAG_03169,6,PASS
CNAG_03280,6,PASS
CNAG_02288,6,PASS
CNAG_07729,6,Fail
CNAG_03408,6,PASS
CNAG_06282,6,PASS
CNAG_01970,6,PASS
CNAG_01969,6,PASS
CNAG_03525,6,Fail
CNAG_03526,6,PASS
CNAG_01535,6,PASS
CNAG_05114,6,PASS
CNAG_07752,6,PASS
CNAG_04223,6,PASS
CNAG_04587,6,PASS
CNAG_02691,6,PASS
CNAG_02692,6,PASS
CNAG_04224,6,PASS
CNAG_02776,6,PASS
CNAG_03632,6,PASS
CNAG_04885,6,PASS
CNAG_06662,6,PASS
CNAG_03631,6,PASS
CNAG_07647,6,Fail
CNAG_06266,6,Fail
CNAG_06265,6,PASS
CNAG_02400,6,PASS
CNAG_02071,6,PASS
CNAG_02070,6,PASS
CNAG_02684,6,PASS
CNAG_02685,6,PASS
CNAG_05420,6,PASS
CNAG_05939,6,PASS
CNAG_05940,6,PASS
CNAG_07743,6,PASS
CNAG_00765,6,PASS
CNAG_00745,6,PASS
CNAG_00744,6,PASS
CNAG_00162,6,PASS
CNAG_02401,6,PASS
CNAG_02658,6,PASS
CNAG_00485,6,PASS
CNAG_06401,6,PASS
CNAG_01960,6,PASS
CNAG_01961,6,PASS
CNAG_02930,6,PASS
CNAG_01238,6,PASS
CNAG_01239,6,PASS
CNAG_00332,6,PASS
CNAG_00333,6,PASS
CNAG_04801,6,PASS
CNAG_05663,6,PASS
CNAG_05664,6,Fail
CNAG_01574,6,PASS
CNAG_01573,6,PASS
CNAG_00486,6,Fail
CNAG_06220,6,PASS
CNAG_00165,6,PASS
CNAG_00566,6,PASS
CNAG_00565,6,PASS
CNAG_06963,6,PASS
CNAG_03178,6,PASS
CNAG_03719,6,PASS
CNAG_00922,6,PASS
CNAG_02041,6,PASS
CNAG_00921,6,PASS
CNAG_04343,6,PASS
CNAG_07415,6,PASS
CNAG_05586,6,PASS
CNAG_05686,6,PASS
CNAG_04344,6,PASS
CNAG_07547,6,PASS
CNAG_00399,6,PASS
CNAG_04215,6,PASS
CNAG_07452,6,PASS
CNAG_05913,6,PASS
CNAG_05914,6,Fail
CNAG_04736,6,PASS
CNAG_04735,6,PASS
CNAG_04609,6,PASS
CNAG_05393,6,Primer fail
CNAG_06541,6,Fail
CNAG_00826,7,PASS
CNAG_00827,7,PASS
CNAG_00637,7,PASS
CNAG_05115,7,PASS
CNAG_03912,7,PASS
CNAG_01772,7,PASS
CNAG_03911,7,PASS
CNAG_02081,7,PASS
CNAG_01702,7,PASS
CNAG_04719,7,Primer fail
CNAG_01506,7,PASS
CNAG_04963,7,PASS
CNAG_04108,7,PASS
CNAG_01231,7,PASS
CNAG_06835,7,PASS
CNAG_03683,7,PASS
CNAG_00879,7,PASS
CNAG_07454,7,PASS
CNAG_00746,7,PASS
CNAG_06388,7,PASS
CNAG_00264,7,PASS
CNAG_04470,7,PASS
CNAG_05640,7,PASS
CNAG_04469,7,PASS
CNAG_07937,7,PASS
CNAG_06583,7,PASS
CNAG_06428,7,PASS
CNAG_06427,7,PASS
CNAG_04123,7,PASS
CNAG_04122,7,PASS
CNAG_03369,7,PASS
CNAG_03413,7,PASS
CNAG_01594,7,PASS
CNAG_06579,7,PASS
CNAG_04757,7,PASS
CNAG_00874,7,PASS
CNAG_07538,7,PASS
CNAG_05591,7,PASS
CNAG_00758,7,PASS
CNAG_04730,7,PASS
CNAG_03997,7,PASS
CNAG_04514,7,PASS
CNAG_02822,7,PASS
CNAG_00668,7,PASS
CNAG_02990,7,PASS
CNAG_04887,7,PASS
CNAG_07711,7,PASS
CNAG_04622,7,PASS
CNAG_04449,7,PASS
CNAG_03874,7,PASS
CNAG_04888,7,PASS
CNAG_06978,7,PASS
CNAG_04105,7,PASS
CNAG_02655,7,PASS
CNAG_01635,7,PASS
CNAG_07626,7,PASS
CNAG_02475,7,PASS
CNAG_00070,7,PASS
CNAG_03110,7,PASS
CNAG_03512,7,PASS
CNAG_04632,7,PASS
CNAG_03007,7,PASS
CNAG_01699,7,PASS
CNAG_00840,7,PASS
CNAG_00839,7,PASS
CNAG_06102,7,PASS
CNAG_02966,7,Fail
CNAG_01041,7,Fail
CNAG_07780,7,PASS
CNAG_03242,7,PASS
CNAG_03241,7,PASS
CNAG_03364,7,PASS
CNAG_03365,7,PASS
CNAG_07444,7,PASS
CNAG_00057,7,PASS
CNAG_06577,7,PASS
CNAG_07517,7,PASS
CNAG_04140,7,PASS
CNAG_04139,7,PASS
CNAG_02498,7,PASS
CNAG_02255,7,PASS
CNAG_02254,7,PASS
CNAG_01163,7,PASS
CNAG_06230,7,Primer fail
CNAG_07317,7,Fail
CNAG_02550,7,PASS
CNAG_02551,7,PASS
CNAG_01995,7,PASS
CNAG_07773,7,PASS
CNAG_06277,7,Fail
CNAG_07696,7,Fail
CNAG_07697,7,PASS
CNAG_06099,7,PASS
CNAG_06098,7,PASS
CNAG_06278,7,PASS
CNAG_03140,7,PASS
CNAG_07772,8,PASS
CNAG_04308,8,PASS
CNAG_01441,8,PASS
CNAG_05160,8,Fail
CNAG_05161,8,PASS
CNAG_07917,8,PASS
CNAG_06610,8,PASS
CNAG_02366,8,PASS
CNAG_01229,8,PASS
CNAG_04681,8,PASS
CNAG_02365,8,PASS
CNAG_04655,8,PASS
CNAG_04504,8,PASS
CNAG_05934,8,PASS
CNAG_04582,8,PASS
CNAG_00189,8,PASS
CNAG_00188,8,PASS
CNAG_06407,8,PASS
CNAG_05369,8,PASS
CNAG_06408,8,PASS
CNAG_07457,8,PASS
CNAG_05119,8,PASS
CNAG_00407,8,PASS
CNAG_05813,8,PASS
CNAG_06310,8,PASS
CNAG_06309,8,PASS
CNAG_02510,8,PASS
CNAG_04953,8,PASS
CNAG_06578,8,PASS
CNAG_01953,8,PASS
CNAG_01744,8,PASS
CNAG_01745,8,PASS
CNAG_04566,8,PASS
CNAG_06172,8,PASS
CNAG_05540,8,PASS
CNAG_00372,8,PASS
CNAG_04016,8,PASS
CNAG_04015,8,PASS
CNAG_00796,8,PASS
CNAG_05520,8,PASS
CNAG_04283,8,PASS
CNAG_00398,8,PASS
CNAG_03382,8,PASS
CNAG_03383,8,PASS
CNAG_01742,8,PASS
CNAG_01743,8,PASS
CNAG_05452,8,PASS
CNAG_05453,8,Fail
CNAG_07438,8,PASS
CNAG_03722,8,Primer fail
CNAG_01753,8,PASS
CNAG_01604,8,PASS
CNAG_01605,8,PASS
CNAG_03705,8,PASS
CNAG_06439,8,PASS
CNAG_00074,8,PASS
CNAG_03837,8,PASS
CNAG_03838,8,PASS
CNAG_04505,8,PASS
CNAG_00302,8,PASS
CNAG_04415,8,PASS
CNAG_04416,8,PASS
CNAG_06890,8,PASS
CNAG_06191,8,PASS
CNAG_00539,8,Fail
CNAG_00540,8,Fail
CNAG_07591,8,PASS
CNAG_00009,8,PASS
CNAG_04027,8,PASS
CNAG_01044,8,PASS
CNAG_07599,8,PASS
CNAG_02298,8,PASS
CNAG_02297,8,PASS
CNAG_01746,8,PASS
CNAG_00066,8,PASS
CNAG_06082,8,PASS
CNAG_06193,8,PASS
CNAG_07368,8,PASS
CNAG_01089,8,PASS
CNAG_05315,8,PASS
CNAG_05316,8,PASS
CNAG_00236,8,PASS
CNAG_00235,8,PASS
CNAG_04101,8,PASS
CNAG_01982,8,PASS
CNAG_01088,8,PASS
CNAG_06453,8,PASS
CNAG_01047,8,PASS
CNAG_03213,8,PASS
CNAG_03019,8,PASS
CNAG_05446,8,PASS
CNAG_05445,8,PASS
CNAG_06568,8,PASS
CNAG_00276,8,PASS
CNAG_00275,8,PASS
CNAG_04907,8,PASS
CNAG_00865,9,PASS
CNAG_07456,9,Fail
CNAG_01713,9,PASS
CNAG_04688,9,PASS
CNAG_02008,9,PASS
CNAG_05408,9,PASS
CNAG_05817,9,PASS
CNAG_06323,9,PASS
CNAG_02007,9,Primer fail
CNAG_01686,9,PASS
CNAG_00923,9,PASS
CNAG_06902,9,PASS
CNAG_02338,9,Fail
CNAG_06336,9,PASS
CNAG_03542,9,PASS
CNAG_03543,9,PASS
CNAG_02118,9,PASS
CNAG_07533,9,Primer fail
CNAG_04642,9,PASS
CNAG_02168,9,PASS
CNAG_06298,9,PASS
CNAG_06297,9,Fail
CNAG_02983,9,PASS
CNAG_07468,9,PASS
CNAG_00832,9,PASS
CNAG_04876,9,PASS
CNAG_04877,9,PASS
CNAG_03058,9,PASS
CNAG_07779,9,PASS
CNAG_04945,9,PASS
CNAG_04944,9,PASS
CNAG_07941,9,PASS
CNAG_02270,9,PASS
CNAG_03113,9,Primer fail
CNAG_03114,9,PASS
CNAG_07642,9,PASS
CNAG_04137,9,PASS
CNAG_05632,9,PASS
CNAG_02029,9,Fail
CNAG_02030,9,PASS
CNAG_07830,9,PASS
CNAG_05324,9,Primer fail
CNAG_04323,9,PASS
CNAG_04324,9,PASS
CNAG_03384,9,PASS
CNAG_03385,9,PASS
CNAG_06752,9,PASS
CNAG_01052,9,PASS
CNAG_03355,9,Fail
CNAG_04634,9,PASS
CNAG_04520,9,PASS
CNAG_03667,9,PASS
CNAG_03668,9,PASS
CNAG_05345,9,PASS
CNAG_07380,9,PASS
CNAG_00701,9,PASS
CNAG_02334,9,PASS
CNAG_02335,9,PASS
CNAG_05346,9,PASS
CNAG_02049,9,PASS
CNAG_04903,9,PASS
CNAG_00331,9,PASS
CNAG_06214,9,PASS
CNAG_07915,9,PASS
CNAG_00005,9,PASS
CNAG_07659,9,PASS
CNAG_02882,9,PASS
CNAG_02883,9,PASS
CNAG_03024,9,PASS
CNAG_00306,9,PASS
CNAG_00794,9,PASS
CNAG_02549,9,PASS
CNAG_03882,9,PASS
CNAG_00359,9,PASS
CNAG_02548,9,PASS
CNAG_03118,9,PASS
CNAG_06432,9,PASS
CNAG_06431,9,PASS
CNAG_02107,9,PASS
CNAG_02455,9,PASS
CNAG_04085,9,PASS
CNAG_02323,9,PASS
CNAG_00749,9,PASS
CNAG_00748,9,PASS
CNAG_06602,9,PASS
CNAG_03434,9,PASS
CNAG_02089,9,PASS
CNAG_07874,9,PASS
CNAG_06590,9,Fail
CNAG_06616,9,PASS
CNAG_02176,9,PASS
CNAG_06291,9,PASS
CNAG_05524,9,PASS
CNAG_04848,9,PASS
CNAG_02790,9,PASS
CNAG_01257,9,PASS
CNAG_02047,10,PASS
CNAG_04849,10,PASS
CNAG_04635,10,PASS
CNAG_04388,10,PASS
CNAG_03061,10,Primer fail
CNAG_00735,10,PASS
CNAG_00929,10,PASS
CNAG_01254,10,Primer fail
CNAG_01255,10,Primer fail
CNAG_00930,10,Fail
CNAG_03617,10,PASS
CNAG_07470,10,PASS
CNAG_06381,10,PASS
CNAG_03829,10,PASS
CNAG_02395,10,PASS
CNAG_00792,10,PASS
CNAG_00966,10,PASS
CNAG_00862,10,PASS
CNAG_07832,10,Primer fail
CNAG_05325,10,PASS
CNAG_04038,10,PASS
CNAG_04703,10,PASS
CNAG_00315,10,PASS
CNAG_00679,10,PASS
CNAG_05221,10,PASS
CNAG_02959,10,PASS
CNAG_02958,10,PASS
CNAG_06017,10,PASS
CNAG_01627,10,PASS
CNAG_01626,10,PASS
CNAG_00691,10,PASS
CNAG_03454,10,PASS
CNAG_03455,10,PASS
CNAG_06698,10,PASS
CNAG_00692,10,PASS
CNAG_05349,10,PASS
CNAG_02321,10,PASS
CNAG_02319,10,PASS
CNAG_06109,10,PASS
CNAG_02478,10,PASS
CNAG_06668,10,PASS
CNAG_06669,10,PASS
CNAG_04393,10,PASS
CNAG_04717,10,PASS
CNAG_00123,10,PASS
CNAG_00124,10,PASS
CNAG_06967,10,PASS
CNAG_07710,10,Fail
CNAG_03096,10,PASS
CNAG_03782,10,PASS
CNAG_04781,10,PASS
CNAG_04782,10,PASS
CNAG_01341,10,PASS
CNAG_06204,10,PASS
CNAG_03783,10,PASS
CNAG_03227,10,PASS
CNAG_04935,10,PASS
CNAG_04934,10,PASS
CNAG_07799,10,PASS
CNAG_04091,10,Fail
CNAG_00653,10,PASS
CNAG_00652,10,PASS
CNAG_03858,10,PASS
CNAG_03734,10,PASS
CNAG_03735,10,PASS
CNAG_03370,10,PASS
CNAG_02405,10,PASS
CNAG_05412,10,PASS
CNAG_00975,10,PASS
CNAG_01671,10,PASS
CNAG_02910,10,PASS
CNAG_01672,10,PASS
CNAG_02470,10,PASS
CNAG_02469,10,PASS
CNAG_06728,10,Fail
CNAG_01080,10,PASS
CNAG_01079,10,PASS
CNAG_00303,10,PASS
CNAG_05833,10,PASS
CNAG_05251,10,PASS
CNAG_04625,10,PASS
CNAG_04626,10,Fail
CNAG_00532,10,PASS
CNAG_05320,10,PASS
CNAG_05979,10,PASS
CNAG_06538,10,PASS
CNAG_02463,10,PASS
CNAG_01275,10,PASS
CNAG_06512,10,Primer fail
CNAG_04185,10,Primer fail
CNAG_03060,10,Primer fail
CNAG_06404,10,PASS
CNAG_06405,10,PASS
CNAG_07802,10,PASS
CNAG_00038,10,PASS
CNAG_05443,10,PASS
CNAG_05444,11,PASS
CNAG_06267,11,PASS
CNAG_01603,11,PASS
CNAG_02143,11,PASS
CNAG_02141,11,PASS
CNAG_05003,11,PASS
CNAG_05004,11,PASS
CNAG_01722,11,PASS
CNAG_02093,11,PASS
CNAG_04570,11,PASS
CNAG_07864,11,Fail
CNAG_01076,11,PASS
CNAG_01075,11,PASS
CNAG_06726,11,Fail
CNAG_01314,11,PASS
CNAG_00413,11,PASS
CNAG_00414,11,PASS
CNAG_02088,11,PASS
CNAG_03565,11,PASS
CNAG_01653,11,PASS
CNAG_00818,11,PASS
CNAG_03485,11,PASS
CNAG_03907,11,PASS
CNAG_03046,11,PASS
CNAG_02852,11,PASS
CNAG_00984,11,PASS
CNAG_00985,11,PASS
CNAG_00024,11,PASS
CNAG_00023,11,PASS
CNAG_02701,11,PASS
CNAG_03587,11,Fail
CNAG_05301,11,PASS
CNAG_01043,11,PASS
CNAG_01042,11,Fail
CNAG_03843,11,PASS
CNAG_04230,11,PASS
CNAG_03492,11,PASS
CNAG_06932,11,PASS
CNAG_06931,11,PASS
CNAG_06922,11,PASS
CNAG_06813,11,PASS
CNAG_05760,11,PASS
CNAG_00688,11,PASS
CNAG_06235,11,PASS
CNAG_04321,11,PASS
CNAG_05038,11,PASS
CNAG_04621,11,PASS
CNAG_04575,11,Fail
CNAG_04576,11,PASS
CNAG_05039,11,PASS
CNAG_02935,11,PASS
CNAG_07693,11,PASS
CNAG_06924,11,PASS
CNAG_06925,11,PASS
CNAG_03494,11,PASS
CNAG_03495,11,PASS
CNAG_07736,11,PASS
CNAG_06777,11,PASS
CNAG_04829,11,PASS
CNAG_04828,11,PASS
CNAG_00788,11,PASS
CNAG_02896,11,PASS
CNAG_07702,11,PASS
CNAG_06653,11,PASS
CNAG_01936,11,PASS
CNAG_03295,11,PASS
CNAG_07422,11,PASS
CNAG_01375,11,Primer fail
CNAG_04758,11,PASS
CNAG_04759,11,PASS
CNAG_01073,11,PASS
CNAG_01072,11,PASS
CNAG_06652,11,PASS
CNAG_05451,11,PASS
CNAG_01384,11,Fail
CNAG_05350,11,PASS
CNAG_04497,11,PASS
CNAG_02986,11,PASS
CNAG_04704,11,PASS
CNAG_02532,11,PASS
CNAG_07330,11,PASS
CNAG_06930,11,PASS
CNAG_07582,11,PASS
CNAG_07699,11,PASS
CNAG_07698,11,PASS
CNAG_07933,11,PASS
CNAG_05009,11,PASS
CNAG_01464,11,Primer fail
CNAG_02414,11,PASS
CNAG_02415,11,PASS
CNAG_05081,11,PASS
CNAG_07339,11,PASS
CNAG_07338,11,PASS
CNAG_04107,11,PASS
CNAG_04106,11,PASS
CNAG_05781,11,PASS
CNAG_07674,12,PASS
CNAG_04080,12,PASS
CNAG_05737,12,PASS
CNAG_05674,12,PASS
CNAG_03746,12,PASS
CNAG_05321,12,PASS
CNAG_03516,12,PASS
CNAG_01707,12,PASS
CNAG_04022,12,PASS
CNAG_00682,12,PASS
CNAG_03755,12,PASS
CNAG_03756,12,PASS
CNAG_02730,12,PASS
CNAG_07524,12,PASS
CNAG_04772,12,PASS
CNAG_04771,12,PASS
CNAG_01155,12,PASS
CNAG_01156,12,PASS
CNAG_02718,12,PASS
CNAG_02121,12,PASS
CNAG_02122,12,PASS
CNAG_06498,12,PASS
CNAG_06497,12,PASS
CNAG_00028,12,PASS
CNAG_00029,12,PASS
CNAG_05424,12,PASS
CNAG_05423,12,PASS
CNAG_03268,12,PASS
CNAG_02427,12,PASS
CNAG_06632,12,PASS
CNAG_03324,12,PASS
CNAG_03325,12,PASS
CNAG_04617,12,PASS
CNAG_01794,12,PASS
CNAG_01526,12,PASS
CNAG_02054,12,PASS
CNAG_07638,12,PASS
CNAG_07639,12,PASS
CNAG_04952,12,PASS
CNAG_04951,12,PASS
CNAG_05343,12,PASS
CNAG_04689,12,PASS
CNAG_06140,12,Fail
CNAG_06141,12,PASS
CNAG_06349,12,PASS
CNAG_06348,12,PASS
CNAG_01768,12,Primer fail
CNAG_02703,12,PASS
CNAG_02702,12,PASS
CNAG_01494,12,Fail
CNAG_01493,12,PASS
CNAG_01005,12,PASS
CNAG_01004,12,PASS
CNAG_04696,12,PASS
CNAG_07032,12,PASS
CNAG_07033,12,Fail
CNAG_00075,12,PASS
CNAG_00076,12,PASS
CNAG_05678,12,PASS
CNAG_05677,12,PASS
CNAG_02386,12,PASS
CNAG_02587,12,PASS
CNAG_02586,12,PASS
CNAG_05262,12,PASS
CNAG_03682,12,PASS
CNAG_01481,12,PASS
CNAG_02381,12,PASS
CNAG_03504,12,PASS
CNAG_05931,12,PASS
CNAG_02707,12,PASS
CNAG_02708,12,Primer fail
CNAG_06561,12,PASS
CNAG_07765,12,PASS
CNAG_02758,12,PASS
CNAG_02759,12,PASS
CNAG_01735,12,PASS
CNAG_01946,12,PASS
CNAG_01945,12,PASS
CNAG_04197,12,PASS
CNAG_02716,12,PASS
CNAG_02717,12,PASS
CNAG_01896,12,PASS
CNAG_04777,12,PASS
CNAG_01478,12,PASS
CNAG_05842,12,PASS
CNAG_05841,12,PASS
CNAG_03326,12,PASS
CNAG_03327,12,PASS
CNAG_02839,12,PASS
CNAG_01262,12,PASS
CNAG_06031,12,PASS
CNAG_06030,12,Fail
CNAG_03204,12,PASS
CNAG_00708,12,PASS
CNAG_00707,12,PASS
CNAG_01272,12,PASS
CNAG_01273,13,PASS
CNAG_05032,13,PASS
CNAG_05031,13,PASS
CNAG_07798,13,PASS
CNAG_07797,13,PASS
CNAG_01180,13,PASS
CNAG_04151,13,PASS
CNAG_04152,13,PASS
CNAG_03482,13,PASS
CNAG_02529,13,PASS
CNAG_02528,13,PASS
CNAG_04366,13,PASS
CNAG_04040,13,PASS
CNAG_01759,13,PASS
CNAG_01758,13,PASS
CNAG_03128,13,Fail
CNAG_06245,13,PASS
CNAG_01078,13,PASS
CNAG_01077,13,PASS
CNAG_02885,13,PASS
CNAG_01182,13,PASS
CNAG_04791,13,PASS
CNAG_04597,13,PASS
CNAG_02204,13,PASS
CNAG_02203,13,PASS
CNAG_03322,13,PASS
CNAG_03323,13,PASS
CNAG_04220,13,PASS
CNAG_04346,13,PASS
CNAG_04345,13,PASS
CNAG_06690,13,PASS
CNAG_05921,13,PASS
CNAG_00133,13,PASS
CNAG_01723,13,PASS
CNAG_06289,13,PASS
CNAG_06290,13,PASS
CNAG_02305,13,Fail
CNAG_02306,13,PASS
CNAG_06573,13,PASS
CNAG_00054,13,PASS
CNAG_00293,13,Primer fail
CNAG_00294,13,PASS
CNAG_04611,13,PASS
CNAG_06529,13,Fail
CNAG_06530,13,PASS
CNAG_07589,13,PASS
CNAG_04208,13,PASS
CNAG_04209,13,PASS
CNAG_03155,13,PASS
CNAG_03154,13,PASS
CNAG_05882,13,PASS
CNAG_06917,13,PASS
CNAG_02789,13,PASS
CNAG_01489,13,PASS
CNAG_07587,13,PASS
CNAG_07883,13,PASS
CNAG_04456,13,PASS
CNAG_00383,13,PASS
CNAG_07358,13,Primer fail
CNAG_01864,13,PASS
CNAG_01918,13,PASS
CNAG_04349,13,PASS
CNAG_03777,13,PASS
CNAG_07076,13,PASS
CNAG_04200,13,PASS
CNAG_04201,13,PASS
CNAG_02489,13,PASS
CNAG_02488,13,PASS
CNAG_03951,13,PASS
CNAG_06608,13,PASS
CNAG_05074,13,PASS
CNAG_04306,13,PASS
CNAG_02388,13,PASS
CNAG_05277,13,PASS
CNAG_00453,13,PASS
CNAG_04794,13,PASS
CNAG_01279,13,PASS
CNAG_04938,13,PASS
CNAG_01065,13,PASS
CNAG_07443,13,PASS
CNAG_04639,13,PASS
CNAG_05675,13,PASS
CNAG_02398,13,PASS
CNAG_01502,13,PASS
CNAG_01501,13,PASS
CNAG_07840,13,PASS
CNAG_04911,13,PASS
CNAG_05768,13,PASS
CNAG_05767,13,PASS
CNAG_02009,13,PASS
CNAG_02214,13,PASS
CNAG_02307,13,PASS
CNAG_00458,13,PASS
CNAG_01806,13,PASS
CNAG_04585,13,PASS
CNAG_06593,13,PASS
CNAG_04740,14,PASS
CNAG_04112,14,PASS
CNAG_04146,14,PASS
CNAG_07759,14,PASS
CNAG_00662,14,PASS
CNAG_00663,14,PASS
CNAG_04467,14,PASS
CNAG_04468,14,PASS
CNAG_02522,14,PASS
CNAG_05592,14,PASS
CNAG_01500,14,PASS
CNAG_04847,14,Primer fail
CNAG_06373,14,PASS
CNAG_06374,14,PASS
CNAG_07331,14,PASS
CNAG_07668,14,PASS
CNAG_07324,14,PASS
CNAG_06868,14,PASS
CNAG_06867,14,PASS
CNAG_02495,14,PASS
CNAG_02494,14,PASS
CNAG_00907,14,PASS
CNAG_03203,14,PASS
CNAG_03202,14,PASS
CNAG_05670,14,PASS
CNAG_03806,14,PASS
CNAG_07721,14,Fail
CNAG_03230,14,Fail
CNAG_00834,14,PASS
CNAG_00833,14,PASS
CNAG_01293,14,PASS
CNAG_06003,14,PASS
CNAG_06560,14,PASS
CNAG_06828,14,PASS
CNAG_05299,14,PASS
CNAG_05300,14,PASS
CNAG_04455,14,PASS
CNAG_04454,14,PASS
CNAG_02872,14,Fail
CNAG_01882,14,PASS
CNAG_00098,14,PASS
CNAG_00097,14,PASS
CNAG_07929,14,PASS
CNAG_00161,14,PASS
CNAG_04255,14,PASS
CNAG_04254,14,PASS
CNAG_00750,14,PASS
CNAG_05861,14,Primer fail
CNAG_00283,14,PASS
CNAG_00284,14,PASS
CNAG_06335,14,Fail
CNAG_03864,14,PASS
CNAG_03865,14,PASS
CNAG_01151,14,PASS
CNAG_01150,14,PASS
CNAG_03464,14,PASS
CNAG_04095,14,PASS
CNAG_04094,14,PASS
CNAG_02570,14,PASS
CNAG_03558,14,PASS
CNAG_04723,14,PASS
CNAG_01490,14,PASS
CNAG_07728,14,PASS
CNAG_03362,14,PASS
CNAG_01093,14,PASS
CNAG_05637,14,PASS
CNAG_03813,14,PASS
CNAG_06827,14,PASS
CNAG_05886,14,PASS
CNAG_05784,14,PASS
CNAG_06617,14,PASS
CNAG_07663,14,PASS
CNAG_04325,14,PASS
CNAG_03824,14,PASS
CNAG_00433,14,PASS
CNAG_01761,14,PASS
CNAG_00563,14,PASS
CNAG_02719,14,PASS
CNAG_06806,14,PASS
CNAG_02899,14,PASS
CNAG_03928,14,PASS
CNAG_01090,14,PASS
CNAG_06239,14,PASS
CNAG_02360,14,PASS
CNAG_02893,14,PASS
CNAG_05660,14,PASS
CNAG_02969,14,PASS
CNAG_02968,14,PASS
CNAG_04474,14,PASS
CNAG_04475,14,PASS
CNAG_02591,14,PASS
CNAG_05601,14,PASS
CNAG_05600,14,PASS
CNAG_02934,14,PASS
CNAG_06067,14,PASS
CNAG_01835,14,PASS
CNAG_07481,15,PASS
CNAG_00885,15,PASS
CNAG_07355,15,PASS
CNAG_00369,15,PASS
CNAG_07434,15,PASS
CNAG_02799,15,PASS
CNAG_00600,15,PASS
CNAG_05501,15,PASS
CNAG_01905,15,PASS
CNAG_00800,15,PASS
CNAG_02802,15,PASS
CNAG_05778,15,PASS
CNAG_02479,15,PASS
CNAG_04272,15,PASS
CNAG_05575,15,PASS
CNAG_02782,15,PASS
CNAG_02699,15,PASS
CNAG_04450,15,PASS
CNAG_01474,15,PASS
CNAG_01670,15,PASS
CNAG_04773,15,PASS
CNAG_05583,15,PASS
CNAG_02473,15,PASS
CNAG_01261,15,PASS
CNAG_00639,15,PASS
CNAG_07556,15,PASS
CNAG_03100,15,PASS
CNAG_03556,15,PASS
CNAG_00415,15,PASS
CNAG_03069,15,PASS
CNAG_03068,15,PASS
CNAG_00154,15,PASS
CNAG_02125,15,PASS
CNAG_05281,15,Fail
CNAG_05280,15,PASS
CNAG_03807,15,PASS
CNAG_05598,15,PASS
CNAG_05599,15,PASS
CNAG_06263,15,PASS
CNAG_01954,15,Primer fail
CNAG_01814,15,PASS
CNAG_06122,15,PASS
CNAG_03982,15,PASS
CNAG_04417,15,PASS
CNAG_05130,15,PASS
CNAG_06009,15,PASS
CNAG_01654,15,PASS
CNAG_02480,15,PASS
CNAG_04535,15,PASS
CNAG_04536,15,PASS
CNAG_05260,15,PASS
CNAG_06680,15,PASS
CNAG_06681,15,PASS
CNAG_02361,15,PASS
CNAG_02080,15,PASS
CNAG_06010,15,PASS
CNAG_06011,15,PASS
CNAG_01971,15,PASS
CNAG_00349,15,PASS
CNAG_01485,15,PASS
CNAG_06934,15,PASS
CNAG_01678,15,PASS
CNAG_04046,15,PASS
CNAG_04047,15,PASS
CNAG_06983,15,PASS
CNAG_06984,15,PASS
CNAG_01087,15,PASS
CNAG_07887,15,PASS
CNAG_06028,15,PASS
CNAG_02694,15,Primer fail
CNAG_02693,15,PASS
CNAG_05017,15,PASS
CNAG_00888,15,PASS
CNAG_03960,15,PASS
CNAG_00898,15,PASS
CNAG_06591,15,PASS
CNAG_02752,15,PASS
CNAG_05558,15,PASS
CNAG_02503,15,PASS
CNAG_04832,15,PASS
CNAG_02779,15,PASS
CNAG_02780,15,PASS
CNAG_04168,15,PASS
CNAG_04167,15,PASS
CNAG_00150,15,PASS
CNAG_06250,15,PASS
CNAG_00782,15,PASS
CNAG_04029,15,PASS
CNAG_03666,15,PASS
CNAG_04988,15,PASS
CNAG_06716,15,PASS
CNAG_03698,15,PASS
CNAG_01824,15,PASS
CNAG_01823,15,PASS
CNAG_05432,15,Primer fail
CNAG_06606,15,PASS
CNAG_07662,16,PASS
CNAG_06052,16,PASS
CNAG_06100,16,PASS
CNAG_00887,16,PASS
CNAG_03388,16,PASS
CNAG_03389,16,PASS
CNAG_05630,16,PASS
CNAG_01891,16,PASS
CNAG_03903,16,PASS
CNAG_00770,16,PASS
CNAG_03080,16,PASS
CNAG_07308,16,PASS
CNAG_03141,16,PASS
CNAG_03347,16,PASS
CNAG_04026,16,PASS
CNAG_06540,16,PASS
CNAG_01760,16,PASS
CNAG_05099,16,Primer fail
CNAG_01131,16,Primer fail
CNAG_01538,16,Fail
CNAG_05399,16,Primer fail
CNAG_05400,16,PASS
CNAG_02925,16,PASS
CNAG_05337,16,PASS
CNAG_05336,16,PASS
CNAG_03493,16,PASS
CNAG_03725,16,PASS
CNAG_03726,16,PASS
CNAG_05278,16,PASS
CNAG_03822,16,PASS
CNAG_05803,16,PASS
CNAG_05992,16,PASS
CNAG_07912,16,PASS
CNAG_06163,16,PASS
CNAG_06162,16,PASS
CNAG_05057,16,PASS
CNAG_02676,16,PASS
CNAG_04926,16,PASS
CNAG_00805,16,Fail
CNAG_00714,16,PASS
CNAG_03715,16,Fail
CNAG_03714,16,PASS
CNAG_03675,16,PASS
CNAG_03567,16,PASS
CNAG_01267,16,PASS
CNAG_05046,16,PASS
CNAG_07804,16,PASS
CNAG_01172,16,PASS
CNAG_01171,16,PASS
CNAG_03083,16,PASS
CNAG_04350,16,PASS
CNAG_06962,16,PASS
CNAG_04110,16,PASS
CNAG_04109,16,PASS
CNAG_07430,16,PASS
CNAG_03570,16,PASS
CNAG_06673,16,PASS
CNAG_05654,16,PASS
CNAG_00537,16,PASS
CNAG_03728,16,PASS
CNAG_03729,16,PASS
CNAG_04037,16,PASS
CNAG_00048,16,PASS
CNAG_00049,16,PASS
CNAG_00083,16,PASS
CNAG_06055,16,PASS
CNAG_04322,16,PASS
CNAG_03974,16,PASS
CNAG_02857,16,PASS
CNAG_00443,16,PASS
CNAG_00444,16,PASS
CNAG_02841,16,PASS
CNAG_05809,16,Fail
CNAG_01223,16,PASS
CNAG_07828,16,Fail
CNAG_00914,16,PASS
CNAG_00915,16,PASS
CNAG_02864,16,PASS
CNAG_01651,16,PASS
CNAG_04498,16,PASS
CNAG_04649,16,PASS
CNAG_04650,16,PASS
CNAG_02862,16,PASS
CNAG_05691,16,PASS
CNAG_00241,16,PASS
CNAG_05834,16,PASS
CNAG_06637,16,PASS
CNAG_01349,16,PASS
CNAG_06832,16,PASS
CNAG_01725,16,PASS
CNAG_00544,16,PASS
CNAG_02349,16,PASS
CNAG_02104,16,PASS
CNAG_04678,16,PASS
CNAG_06536,16,PASS
CNAG_03135,16,PASS
CNAG_03134,17,PASS
CNAG_06166,17,PASS
CNAG_05377,17,PASS
CNAG_03313,17,PASS
CNAG_02869,17,PASS
CNAG_07373,17,PASS
CNAG_00495,17,PASS
CNAG_06160,17,PASS
CNAG_05892,17,PASS
CNAG_05893,17,PASS
CNAG_01029,17,PASS
CNAG_01028,17,PASS
CNAG_07719,17,Fail
CNAG_04697,17,PASS
CNAG_00384,17,PASS
CNAG_03964,17,PASS
CNAG_03965,17,PASS
CNAG_06313,17,Fail
CNAG_06314,17,PASS
CNAG_03916,17,PASS
CNAG_03769,17,PASS
CNAG_06671,17,PASS
CNAG_01050,17,PASS
CNAG_01652,17,PASS
CNAG_07333,17,PASS
CNAG_07766,17,Fail
CNAG_04392,17,PASS
CNAG_07670,17,PASS
CNAG_05715,17,PASS
CNAG_02768,17,PASS
CNAG_04904,17,PASS
CNAG_03236,17,PASS
CNAG_07410,17,PASS
CNAG_05193,17,Fail
CNAG_04808,17,PASS
CNAG_03452,17,PASS
CNAG_00460,17,PASS
CNAG_07636,17,PASS
CNAG_05252,17,PASS
CNAG_05253,17,PASS
CNAG_06688,17,Fail
CNAG_06687,17,PASS
CNAG_06353,17,PASS
CNAG_07838,17,PASS
CNAG_05536,17,PASS
CNAG_01322,17,PASS
CNAG_01340,17,PASS
CNAG_04150,17,PASS
CNAG_05461,17,PASS
CNAG_05460,17,PASS
CNAG_03621,17,PASS
CNAG_03622,17,PASS
CNAG_02326,17,PASS
CNAG_02325,17,PASS
CNAG_03658,17,PASS
CNAG_05508,17,PASS
CNAG_06646,17,PASS
CNAG_06647,17,PASS
CNAG_07862,17,PASS
CNAG_02905,17,PASS
CNAG_02904,17,PASS
CNAG_06986,17,PASS
CNAG_06985,17,PASS
CNAG_02845,17,PASS
CNAG_07335,17,PASS
CNAG_07334,17,PASS
CNAG_01951,17,PASS
CNAG_05134,17,PASS
CNAG_01360,17,PASS
CNAG_03827,17,PASS
CNAG_07903,17,PASS
CNAG_06112,17,PASS
CNAG_03742,17,PASS
CNAG_03743,17,PASS
CNAG_00287,17,PASS
CNAG_01148,17,PASS
CNAG_04238,17,PASS
CNAG_04237,17,PASS
CNAG_05198,17,PASS
CNAG_01400,17,PASS
CNAG_01399,17,PASS
CNAG_05477,17,PASS
CNAG_07601,17,PASS
CNAG_07458,17,PASS
CNAG_04258,17,PASS
CNAG_06147,17,PASS
CNAG_01856,17,PASS
CNAG_05853,17,PASS
CNAG_06544,17,PASS
CNAG_02771,17,PASS
CNAG_01331,17,PASS
CNAG_01111,17,PASS
CNAG_01169,17,PASS
CNAG_06831,17,PASS
CNAG_01084,17,PASS
CNAG_00279,17,PASS
CNAG_00278,18,PASS
CNAG_03766,18,Fail
CNAG_05744,18,PASS
CNAG_05745,18,PASS
CNAG_03048,18,PASS
CNAG_01638,18,PASS
CNAG_07322,18,PASS
CNAG_07005,18,PASS
CNAG_03451,18,PASS
CNAG_00647,18,Fail
CNAG_03139,18,PASS
CNAG_03138,18,PASS
CNAG_06371,18,PASS
CNAG_06372,18,PASS
CNAG_02442,18,PASS
CNAG_00176,18,Primer fail
CNAG_00177,18,PASS
CNAG_03316,18,PASS
CNAG_00355,18,PASS
CNAG_00354,18,PASS
CNAG_03590,18,PASS
CNAG_03090,18,PASS
CNAG_02673,18,PASS
CNAG_02674,18,PASS
CNAG_00418,18,Fail
CNAG_04760,18,PASS
CNAG_06648,18,PASS
CNAG_03406,18,PASS
CNAG_03405,18,PASS
CNAG_06772,18,Primer fail
CNAG_06145,18,PASS
CNAG_06144,18,PASS
CNAG_03486,18,PASS
CNAG_05431,18,PASS
CNAG_05236,18,PASS
CNAG_02240,18,PASS
CNAG_02542,18,PASS
CNAG_04602,18,PASS
CNAG_05192,18,PASS
CNAG_01717,18,PASS
CNAG_01718,18,PASS
CNAG_03449,18,PASS
CNAG_01815,18,PASS
CNAG_01816,18,PASS
CNAG_02735,18,PASS
CNAG_02736,18,Fail
CNAG_03206,18,PASS
CNAG_02181,18,PASS
CNAG_01207,18,PASS
CNAG_04565,18,PASS
CNAG_07866,18,PASS
CNAG_05216,18,PASS
CNAG_04627,18,PASS
CNAG_01414,18,Fail
CNAG_02223,18,PASS
CNAG_02224,18,PASS
CNAG_07566,18,PASS
CNAG_07567,18,PASS
CNAG_01452,18,PASS
CNAG_06246,18,Fail
CNAG_05771,18,Fail
CNAG_07810,18,PASS
CNAG_04956,18,PASS
CNAG_04955,18,PASS
CNAG_03500,18,PASS
CNAG_01417,18,PASS
CNAG_01418,18,PASS
CNAG_04327,18,PASS
CNAG_05376,18,PASS
CNAG_01401,18,PASS
CNAG_06295,18,PASS
CNAG_06294,18,PASS
CNAG_00240,18,PASS
CNAG_00501,18,PASS
CNAG_00502,18,PASS
CNAG_01092,18,PASS
CNAG_05534,18,PASS
CNAG_05533,18,PASS
CNAG_00064,18,PASS
CNAG_04064,18,PASS
CNAG_04068,18,PASS
CNAG_05991,18,PASS
CNAG_05990,18,PASS
CNAG_03039,18,PASS
CNAG_01540,18,PASS
CNAG_01541,18,PASS
CNAG_02046,18,PASS
CNAG_01893,18,PASS
CNAG_03665,18,Primer fail
CNAG_03664,18,PASS
CNAG_05633,18,Fail
CNAG_03189,18,PASS
CNAG_03404,18,PASS
CNAG_03403,18,PASS
CNAG_02392,18,PASS
CNAG_02393,18,PASS
CNAG_06837,19,PASS
CNAG_01324,19,PASS
CNAG_01855,19,PASS
CNAG_02173,19,PASS
CNAG_06403,19,PASS
CNAG_06402,19,PASS
CNAG_00361,19,PASS
CNAG_00605,19,PASS
CNAG_02221,19,PASS
CNAG_05723,19,PASS
CNAG_05724,19,PASS
CNAG_06649,19,PASS
CNAG_01251,19,PASS
CNAG_00405,19,PASS
CNAG_00404,19,PASS
CNAG_07677,19,PASS
CNAG_02001,19,PASS
CNAG_00149,19,PASS
CNAG_06484,19,PASS
CNAG_06485,19,PASS
CNAG_00568,19,PASS
CNAG_03517,19,PASS
CNAG_02795,19,Primer fail
CNAG_06469,19,PASS
CNAG_06470,19,PASS
CNAG_04285,19,PASS
CNAG_01688,19,PASS
CNAG_06706,19,PASS
CNAG_07921,19,PASS
CNAG_02891,19,PASS
CNAG_02890,19,Fail
CNAG_02823,19,PASS
CNAG_02167,19,PASS
CNAG_05308,19,PASS
CNAG_02148,19,PASS
CNAG_02147,19,PASS
CNAG_04432,19,PASS
CNAG_00995,19,PASS
CNAG_04598,19,Primer fail
CNAG_02512,19,PASS
CNAG_07622,19,PASS
CNAG_07311,19,PASS
CNAG_06332,19,Fail
CNAG_04825,19,PASS
CNAG_03125,19,PASS
CNAG_02284,19,PASS
CNAG_02285,19,PASS
CNAG_00889,19,PASS
CNAG_00890,19,PASS
CNAG_07319,19,PASS
CNAG_07479,19,PASS
CNAG_01491,19,PASS
CNAG_01492,19,PASS
CNAG_06656,19,PASS
CNAG_05195,19,PASS
CNAG_07816,19,PASS
CNAG_05142,19,PASS
CNAG_05570,19,PASS
CNAG_05397,19,Primer fail
CNAG_04620,19,PASS
CNAG_00584,19,PASS
CNAG_06440,19,PASS
CNAG_05698,19,PASS
CNAG_03234,19,PASS
CNAG_06383,19,PASS
CNAG_06384,19,PASS
CNAG_06076,19,PASS
CNAG_00761,19,PASS
CNAG_00762,19,PASS
CNAG_02422,19,PASS
CNAG_02103,19,PASS
CNAG_02102,19,PASS
CNAG_05086,19,PASS
CNAG_06969,19,PASS
CNAG_06968,19,PASS
CNAG_00773,19,PASS
CNAG_04227,19,PASS
CNAG_07344,19,PASS
CNAG_00280,19,PASS
CNAG_00604,19,PASS
CNAG_07609,19,Fail
CNAG_07608,19,PASS
CNAG_05402,19,PASS
CNAG_05401,19,Fail
CNAG_00013,19,PASS
CNAG_00986,19,PASS
CNAG_01350,19,PASS
CNAG_05538,19,PASS
CNAG_00772,19,PASS
CNAG_03637,19,PASS
CNAG_02409,19,PASS
CNAG_06464,19,PASS
CNAG_04371,19,PASS
CNAG_02727,19,PASS
CNAG_03149,19,PASS
CNAG_00181,19,PASS
CNAG_05422,20,PASS
CNAG_05105,20,PASS
CNAG_02753,20,PASS
CNAG_04352,20,PASS
CNAG_05838,20,PASS
CNAG_00440,20,PASS
CNAG_05563,20,PASS
CNAG_02115,20,PASS
CNAG_03188,20,PASS
CNAG_01243,20,PASS
CNAG_04863,20,PASS
CNAG_05708,20,PASS
CNAG_04177,20,PASS
CNAG_03151,20,PASS
CNAG_00556,20,PASS
CNAG_06552,20,PASS
CNAG_03582,20,PASS
CNAG_06225,20,PASS
CNAG_01938,20,PASS
CNAG_00396,20,PASS
CNAG_01850,20,PASS
CNAG_00802,20,PASS
CNAG_03158,20,PASS
CNAG_04761,20,PASS
CNAG_00002,20,PASS
CNAG_00003,20,PASS
CNAG_00004,20,PASS
CNAG_00006,20,PASS
CNAG_00020,20,PASS
CNAG_00027,20,PASS
CNAG_00030,20,PASS
CNAG_00032,20,PASS
CNAG_00033,20,PASS
CNAG_00035,20,PASS
CNAG_00036,20,PASS
CNAG_00043,20,PASS
CNAG_00045,20,PASS
CNAG_00047,20,PASS
CNAG_00050,20,PASS
CNAG_00053,20,PASS
CNAG_00056,20,PASS
CNAG_00060,20,PASS
CNAG_00069,20,PASS
CNAG_00072,20,PASS
CNAG_00080,20,PASS
CNAG_00087,20,PASS
CNAG_00088,20,PASS
CNAG_00090,20,PASS
CNAG_00092,20,Fail
CNAG_00093,20,PASS
CNAG_00094,20,PASS
CNAG_00096,20,Fail
CNAG_00105,20,PASS
CNAG_00110,20,PASS
CNAG_00118,20,PASS
CNAG_00119,20,PASS
CNAG_00121,20,PASS
CNAG_00125,20,PASS
CNAG_00127,20,PASS
CNAG_00128,20,PASS
CNAG_00131,20,PASS
CNAG_00144,20,PASS
CNAG_00146,20,PASS
CNAG_00151,20,Fail
CNAG_00152,20,Fail
CNAG_00155,20,PASS
CNAG_00158,20,PASS
CNAG_00159,20,PASS
CNAG_00160,20,PASS
CNAG_00167,20,PASS
CNAG_00171,20,PASS
CNAG_00172,20,PASS
CNAG_00173,20,PASS
CNAG_00174,20,Fail
CNAG_00180,20,PASS
CNAG_00182,20,PASS
CNAG_00185,20,PASS
CNAG_00186,20,PASS
CNAG_00187,20,PASS
CNAG_00195,20,Fail
CNAG_00229,20,PASS
CNAG_00231,20,PASS
CNAG_00234,20,PASS
CNAG_00242,20,PASS
CNAG_00248,20,PASS
CNAG_00250,20,PASS
CNAG_00251,20,PASS
CNAG_00252,20,PASS
CNAG_00257,20,PASS
CNAG_00258,20,PASS
CNAG_00262,20,PASS
CNAG_00266,20,PASS
CNAG_00267,20,PASS
CNAG_00272,20,PASS
CNAG_00274,20,PASS
CNAG_00277,20,PASS
CNAG_00288,21,Primer fail
CNAG_00289,21,PASS
CNAG_00290,21,PASS
CNAG_00291,21,PASS
CNAG_00299,21,PASS
CNAG_00304,21,PASS
CNAG_00305,21,PASS
CNAG_00308,21,PASS
CNAG_00309,21,PASS
CNAG_00313,21,PASS
CNAG_00316,21,PASS
CNAG_00317,21,PASS
CNAG_00322,21,PASS
CNAG_00323,21,PASS
CNAG_00326,21,PASS
CNAG_00328,21,PASS
CNAG_00330,21,Fail
CNAG_00342,21,Fail
CNAG_00344,21,PASS
CNAG_00357,21,PASS
CNAG_00358,21,PASS
CNAG_00367,21,PASS
CNAG_00368,21,PASS
CNAG_00371,21,Fail
CNAG_00390,21,PASS
CNAG_00391,21,PASS
CNAG_00397,21,Primer fail
CNAG_00402,21,PASS
CNAG_00403,21,PASS
CNAG_00406,21,PASS
CNAG_00408,21,PASS
CNAG_00409,21,PASS
CNAG_00410,21,PASS
CNAG_00411,21,PASS
CNAG_00412,21,PASS
CNAG_00416,21,PASS
CNAG_00419,21,PASS
CNAG_00422,21,PASS
CNAG_00425,21,Primer fail
CNAG_00429,21,PASS
CNAG_00430,21,PASS
CNAG_00434,21,PASS
CNAG_00436,21,PASS
CNAG_00438,21,PASS
CNAG_00439,21,PASS
CNAG_00446,21,PASS
CNAG_00448,21,PASS
CNAG_00451,21,PASS
CNAG_00452,21,PASS
CNAG_00454,21,PASS
CNAG_00463,21,PASS
CNAG_00465,21,PASS
CNAG_00467,21,PASS
CNAG_00468,21,PASS
CNAG_00470,21,PASS
CNAG_00472,21,PASS
CNAG_00484,21,PASS
CNAG_00487,21,PASS
CNAG_00488,21,PASS
CNAG_00490,21,PASS
CNAG_00492,21,PASS
CNAG_00496,21,PASS
CNAG_00497,21,PASS
CNAG_00498,21,PASS
CNAG_00499,21,PASS
CNAG_00500,21,PASS
CNAG_00505,21,PASS
CNAG_00506,21,PASS
CNAG_00507,21,PASS
CNAG_00508,21,PASS
CNAG_00511,21,PASS
CNAG_00686,21,PASS
CNAG_00690,21,PASS
CNAG_00698,21,PASS
CNAG_00711,21,PASS
CNAG_00716,21,Fail
CNAG_00734,21,PASS
CNAG_00736,21,Fail
CNAG_00738,21,PASS
CNAG_00739,21,PASS
CNAG_00751,21,PASS
CNAG_00766,21,PASS
CNAG_00780,21,PASS
CNAG_00783,21,PASS
CNAG_00807,21,PASS
CNAG_00817,21,PASS
CNAG_00836,21,PASS
CNAG_00838,21,PASS
CNAG_00849,21,PASS
CNAG_00852,21,PASS
CNAG_00855,21,PASS
CNAG_00867,21,PASS
CNAG_00868,21,PASS
CNAG_00876,21,PASS
CNAG_00877,21,PASS
CNAG_00878,21,Fail
CNAG_00892,22,PASS
CNAG_00893,22,PASS
CNAG_00900,22,PASS
CNAG_00901,22,PASS
CNAG_00911,22,PASS
CNAG_00920,22,PASS
CNAG_00924,22,PASS
CNAG_00925,22,Fail
CNAG_00927,22,PASS
CNAG_00928,22,Fail
CNAG_00933,22,PASS
CNAG_00937,22,PASS
CNAG_00941,22,PASS
CNAG_00961,22,PASS
CNAG_00964,22,PASS
CNAG_00968,22,PASS
CNAG_00969,22,PASS
CNAG_00971,22,PASS
CNAG_00972,22,PASS
CNAG_00973,22,PASS
CNAG_00977,22,PASS
CNAG_00978,22,PASS
CNAG_00982,22,PASS
CNAG_00989,22,PASS
CNAG_00991,22,PASS
CNAG_00999,22,PASS
CNAG_01001,22,PASS
CNAG_01002,22,PASS
CNAG_01006,22,PASS
CNAG_01007,22,PASS
CNAG_01008,22,PASS
CNAG_01011,22,PASS
CNAG_01012,22,PASS
CNAG_01016,22,PASS
CNAG_01020,22,PASS
CNAG_01031,22,PASS
CNAG_01032,22,PASS
CNAG_01034,22,PASS
CNAG_01037,22,PASS
CNAG_01045,22,PASS
CNAG_01048,22,PASS
CNAG_01054,22,Fail
CNAG_01056,22,PASS
CNAG_01057,22,PASS
CNAG_01058,22,PASS
CNAG_01070,22,PASS
CNAG_01074,22,PASS
CNAG_01085,22,PASS
CNAG_01095,22,PASS
CNAG_01097,22,PASS
CNAG_01102,22,PASS
CNAG_01114,22,PASS
CNAG_01115,22,PASS
CNAG_01116,22,PASS
CNAG_01121,22,PASS
CNAG_01122,22,PASS
CNAG_01123,22,PASS
CNAG_01127,22,PASS
CNAG_01128,22,PASS
CNAG_01132,22,PASS
CNAG_01133,22,PASS
CNAG_01139,22,PASS
CNAG_01142,22,PASS
CNAG_01149,22,PASS
CNAG_01157,22,PASS
CNAG_01161,22,PASS
CNAG_01162,22,PASS
CNAG_01165,22,PASS
CNAG_01186,22,PASS
CNAG_01208,22,PASS
CNAG_01209,22,PASS
CNAG_01210,22,PASS
CNAG_01190,22,PASS
CNAG_01191,22,PASS
CNAG_01192,22,PASS
CNAG_01211,22,PASS
CNAG_01212,22,PASS
CNAG_01213,22,PASS
CNAG_01214,22,PASS
CNAG_01215,22,PASS
CNAG_01216,22,PASS
CNAG_01222,22,Primer fail
CNAG_01228,22,PASS
CNAG_01234,22,PASS
CNAG_01237,22,PASS
CNAG_01244,22,PASS
CNAG_01247,22,PASS
CNAG_01248,22,PASS
CNAG_01249,22,PASS
CNAG_01252,22,PASS
CNAG_01256,22,PASS
CNAG_01264,22,PASS
CNAG_01266,22,PASS
CNAG_01281,22,PASS
CNAG_01284,22,PASS
CNAG_01286,22,PASS
CNAG_01295,23,PASS
CNAG_01297,23,PASS
CNAG_01298,23,PASS
CNAG_01299,23,PASS
CNAG_01302,23,PASS
CNAG_01306,23,PASS
CNAG_01308,23,PASS
CNAG_01309,23,PASS
CNAG_01310,23,PASS
CNAG_01315,23,PASS
CNAG_01319,23,PASS
CNAG_01338,23,PASS
CNAG_01339,23,PASS
CNAG_01342,23,Fail
CNAG_01343,23,PASS
CNAG_01344,23,PASS
CNAG_01347,23,PASS
CNAG_01348,23,PASS
CNAG_01351,23,PASS
CNAG_01352,23,PASS
CNAG_01355,23,PASS
CNAG_01357,23,PASS
CNAG_01373,23,PASS
CNAG_01377,23,PASS
CNAG_01378,23,PASS
CNAG_01379,23,PASS
CNAG_01380,23,PASS
CNAG_01381,23,Fail
CNAG_01387,23,PASS
CNAG_01388,23,PASS
CNAG_01396,23,PASS
CNAG_01403,23,PASS
CNAG_01405,23,PASS
CNAG_01406,23,PASS
CNAG_01408,23,PASS
CNAG_01411,23,PASS
CNAG_01415,23,PASS
CNAG_01416,23,PASS
CNAG_01422,23,PASS
CNAG_01423,23,PASS
CNAG_01425,23,PASS
CNAG_01443,23,PASS
CNAG_01444,23,PASS
CNAG_01456,23,PASS
CNAG_01463,23,PASS
CNAG_01465,23,PASS
CNAG_01471,23,PASS
CNAG_01472,23,PASS
CNAG_01473,23,PASS
CNAG_01482,23,PASS
CNAG_01483,23,PASS
CNAG_01495,23,PASS
CNAG_01496,23,PASS
CNAG_01497,23,PASS
CNAG_01498,23,PASS
CNAG_01504,23,PASS
CNAG_01510,23,Fail
CNAG_01512,23,PASS
CNAG_01513,23,PASS
CNAG_01514,23,PASS
CNAG_01518,23,PASS
CNAG_01519,23,PASS
CNAG_01521,23,PASS
CNAG_01527,23,PASS
CNAG_01531,23,PASS
CNAG_01532,23,PASS
CNAG_01534,23,PASS
CNAG_01536,23,PASS
CNAG_01547,23,PASS
CNAG_01550,23,PASS
CNAG_01554,23,PASS
CNAG_01555,23,PASS
CNAG_01556,23,PASS
CNAG_01557,23,PASS
CNAG_01559,23,PASS
CNAG_01560,23,PASS
CNAG_01561,23,PASS
CNAG_01567,23,Fail
CNAG_01569,23,PASS
CNAG_01570,23,PASS
CNAG_01581,23,PASS
CNAG_01582,23,PASS
CNAG_01583,23,PASS
CNAG_01584,23,PASS
CNAG_01585,23,PASS
CNAG_01587,23,PASS
CNAG_01591,23,PASS
CNAG_01592,23,PASS
CNAG_01597,23,Fail
CNAG_01606,23,PASS
CNAG_01607,23,PASS
CNAG_01612,23,PASS
CNAG_01613,23,PASS
CNAG_01622,23,PASS
CNAG_01624,23,PASS
CNAG_01625,23,PASS
CNAG_01636,24,PASS
CNAG_01637,24,PASS
CNAG_01648,24,Fail
CNAG_01649,24,PASS
CNAG_01655,24,PASS
CNAG_01659,24,PASS
CNAG_01660,24,PASS
CNAG_01668,24,PASS
CNAG_01673,24,PASS
CNAG_01674,24,PASS
CNAG_01675,24,PASS
CNAG_01682,24,PASS
CNAG_01691,24,PASS
CNAG_01694,24,PASS
CNAG_01695,24,Fail
CNAG_01698,24,PASS
CNAG_01703,24,PASS
CNAG_01710,24,PASS
CNAG_01714,24,PASS
CNAG_01719,24,PASS
CNAG_01720,24,PASS
CNAG_01730,24,PASS
CNAG_01731,24,PASS
CNAG_01738,24,Fail
CNAG_01739,24,PASS
CNAG_01740,24,PASS
CNAG_01741,24,PASS
CNAG_01750,24,PASS
CNAG_01751,24,PASS
CNAG_01763,24,PASS
CNAG_01764,24,PASS
CNAG_01769,24,PASS
CNAG_01779,24,PASS
CNAG_01780,24,PASS
CNAG_01793,24,PASS
CNAG_01798,24,PASS
CNAG_01811,24,PASS
CNAG_01821,24,PASS
CNAG_01825,24,PASS
CNAG_01828,24,PASS
CNAG_01832,24,PASS
CNAG_01837,24,PASS
CNAG_01843,24,Fail
CNAG_01844,24,PASS
CNAG_01848,24,PASS
CNAG_01849,24,PASS
CNAG_01851,24,PASS
CNAG_01857,24,PASS
CNAG_01861,24,PASS
CNAG_01862,24,PASS
CNAG_01866,24,PASS
CNAG_01867,24,PASS
CNAG_01868,24,PASS
CNAG_01869,24,PASS
CNAG_01870,24,PASS
CNAG_01872,24,PASS
CNAG_01873,24,PASS
CNAG_01878,24,PASS
CNAG_01879,24,PASS
CNAG_01886,24,PASS
CNAG_01900,24,PASS
CNAG_01903,24,PASS
CNAG_01904,24,PASS
CNAG_01909,24,PASS
CNAG_01913,24,PASS
CNAG_01923,24,PASS
CNAG_01924,24,PASS
CNAG_01926,24,Primer fail
CNAG_01927,24,PASS
CNAG_01928,24,PASS
CNAG_01929,24,PASS
CNAG_01931,24,PASS
CNAG_01933,24,PASS
CNAG_01934,24,PASS
CNAG_01935,24,PASS
CNAG_01937,24,PASS
CNAG_01941,24,PASS
CNAG_01942,24,PASS
CNAG_01943,24,PASS
CNAG_01944,24,PASS
CNAG_01952,24,PASS
CNAG_01958,24,PASS
CNAG_01963,24,PASS
CNAG_01972,24,PASS
CNAG_01975,24,PASS
CNAG_01978,24,PASS
CNAG_02006,24,PASS
CNAG_02012,24,PASS
CNAG_02013,24,PASS
CNAG_02016,24,PASS
CNAG_02020,24,PASS
CNAG_02023,24,PASS
CNAG_02026,24,PASS
CNAG_02027,24,PASS
CNAG_02031,24,PASS
CNAG_02038,24,PASS
CNAG_02039,25,PASS
CNAG_02050,25,PASS
CNAG_02051,25,PASS
CNAG_02052,25,PASS
CNAG_02056,25,PASS
CNAG_02057,25,PASS
CNAG_02058,25,PASS
CNAG_02059,25,PASS
CNAG_02061,25,PASS
CNAG_02062,25,PASS
CNAG_02067,25,PASS
CNAG_02068,25,Fail
CNAG_02069,25,PASS
CNAG_02073,25,PASS
CNAG_02092,25,PASS
CNAG_02096,25,PASS
CNAG_02097,25,PASS
CNAG_02105,25,PASS
CNAG_02108,25,PASS
CNAG_02109,25,PASS
CNAG_02112,25,PASS
CNAG_02113,25,Fail
CNAG_02114,25,PASS
CNAG_02116,25,PASS
CNAG_02117,25,PASS
CNAG_02120,25,PASS
CNAG_02126,25,PASS
CNAG_02127,25,PASS
CNAG_02130,25,Fail
CNAG_02137,25,PASS
CNAG_02140,25,PASS
CNAG_02146,25,PASS
CNAG_02149,25,PASS
CNAG_02150,25,PASS
CNAG_02153,25,PASS
CNAG_02156,25,PASS
CNAG_02160,25,PASS
CNAG_02161,25,PASS
CNAG_02163,25,PASS
CNAG_02169,25,PASS
CNAG_02170,25,PASS
CNAG_02171,25,PASS
CNAG_02184,25,PASS
CNAG_02185,25,PASS
CNAG_02186,25,PASS
CNAG_02187,25,PASS
CNAG_02190,25,PASS
CNAG_02192,25,PASS
CNAG_02196,25,PASS
CNAG_02205,25,PASS
CNAG_02207,25,PASS
CNAG_02210,25,PASS
CNAG_02211,25,PASS
CNAG_02227,25,PASS
CNAG_02228,25,PASS
CNAG_02232,25,PASS
CNAG_02235,25,PASS
CNAG_02238,25,PASS
CNAG_02241,25,Fail
CNAG_02258,25,PASS
CNAG_02259,25,PASS
CNAG_02260,25,PASS
CNAG_02261,25,PASS
CNAG_02269,25,PASS
CNAG_02281,25,PASS
CNAG_02283,25,PASS
CNAG_02286,25,PASS
CNAG_02287,25,PASS
CNAG_02289,25,PASS
CNAG_02290,25,PASS
CNAG_02295,25,PASS
CNAG_02296,25,PASS
CNAG_02300,25,PASS
CNAG_02302,25,PASS
CNAG_02308,25,PASS
CNAG_02309,25,PASS
CNAG_02310,25,PASS
CNAG_02311,25,PASS
CNAG_02312,25,PASS
CNAG_02313,25,PASS
CNAG_02314,25,PASS
CNAG_02318,25,PASS
CNAG_02324,25,PASS
CNAG_02327,25,PASS
CNAG_02336,25,Primer fail
CNAG_02337,25,PASS
CNAG_02339,25,PASS
CNAG_02340,25,PASS
CNAG_02341,25,PASS
CNAG_02342,25,PASS
CNAG_02343,25,PASS
CNAG_02344,25,PASS
CNAG_02345,25,PASS
CNAG_02346,25,PASS
CNAG_02355,25,PASS
CNAG_02359,25,Fail
CNAG_02362,26,PASS
CNAG_02363,26,PASS
CNAG_02373,26,PASS
CNAG_02375,26,PASS
CNAG_02376,26,PASS
CNAG_02384,26,PASS
CNAG_02397,26,PASS
CNAG_02402,26,PASS
CNAG_02404,26,PASS
CNAG_02407,26,PASS
CNAG_02408,26,PASS
CNAG_02416,26,PASS
CNAG_02417,26,PASS
CNAG_02419,26,PASS
CNAG_02420,26,PASS
CNAG_02425,26,PASS
CNAG_02431,26,PASS
CNAG_02432,26,PASS
CNAG_02433,26,Fail
CNAG_02436,26,PASS
CNAG_02438,26,PASS
CNAG_02439,26,PASS
CNAG_02440,26,PASS
CNAG_02441,26,PASS
CNAG_02444,26,PASS
CNAG_02446,26,PASS
CNAG_02447,26,PASS
CNAG_02448,26,PASS
CNAG_02449,26,Fail
CNAG_02452,26,PASS
CNAG_02458,26,PASS
CNAG_02464,26,PASS
CNAG_02465,26,PASS
CNAG_02468,26,PASS
CNAG_02477,26,PASS
CNAG_02481,26,PASS
CNAG_02482,26,PASS
CNAG_02484,26,PASS
CNAG_02487,26,Primer fail
CNAG_02490,26,PASS
CNAG_02492,26,PASS
CNAG_02493,26,PASS
CNAG_02496,26,PASS
CNAG_02497,26,PASS
CNAG_02499,26,PASS
CNAG_02501,26,PASS
CNAG_02508,26,PASS
CNAG_02509,26,PASS
CNAG_02511,26,PASS
CNAG_02514,26,PASS
CNAG_02515,26,PASS
CNAG_02519,26,PASS
CNAG_02521,26,PASS
CNAG_02524,26,Primer fail
CNAG_02531,26,PASS
CNAG_02535,26,PASS
CNAG_02537,26,PASS
CNAG_02538,26,PASS
CNAG_02543,26,PASS
CNAG_02562,26,PASS
CNAG_02568,26,PASS
CNAG_02573,26,PASS
CNAG_02575,26,PASS
CNAG_02576,26,PASS
CNAG_02582,26,PASS
CNAG_02583,26,PASS
CNAG_02584,26,PASS
CNAG_02585,26,PASS
CNAG_02590,26,PASS
CNAG_02592,26,PASS
CNAG_02594,26,PASS
CNAG_02596,26,PASS
CNAG_02597,26,PASS
CNAG_02598,26,PASS
CNAG_02601,26,PASS
CNAG_02602,26,PASS
CNAG_02604,26,PASS
CNAG_02605,26,PASS
CNAG_02606,26,PASS
CNAG_02656,26,PASS
CNAG_02659,26,PASS
CNAG_02660,26,PASS
CNAG_02661,26,PASS
CNAG_02662,26,PASS
CNAG_02663,26,PASS
CNAG_02664,26,PASS
CNAG_02665,26,PASS
CNAG_02666,26,PASS
CNAG_02667,26,PASS
CNAG_02670,26,PASS
CNAG_02681,26,PASS
CNAG_02688,26,PASS
CNAG_02689,26,PASS
CNAG_02690,26,PASS
CNAG_02706,26,PASS
CNAG_02715,26,PASS
CNAG_02722,27,PASS
CNAG_02724,27,PASS
CNAG_02726,27,PASS
CNAG_02728,27,PASS
CNAG_02729,27,PASS
CNAG_02733,27,PASS
CNAG_02734,27,PASS
CNAG_02737,27,PASS
CNAG_02738,27,PASS
CNAG_02741,27,PASS
CNAG_02742,27,PASS
CNAG_02745,27,PASS
CNAG_02747,27,PASS
CNAG_02750,27,PASS
CNAG_02755,27,PASS
CNAG_02756,27,PASS
CNAG_02757,27,PASS
CNAG_02760,27,PASS
CNAG_02761,27,PASS
CNAG_02762,27,PASS
CNAG_02764,27,PASS
CNAG_02765,27,PASS
CNAG_02766,27,PASS
CNAG_02772,27,PASS
CNAG_02773,27,PASS
CNAG_02781,27,PASS
CNAG_02806,27,PASS
CNAG_02812,27,PASS
CNAG_02817,27,Fail
CNAG_02820,27,PASS
CNAG_02825,27,PASS
CNAG_02826,27,PASS
CNAG_02828,27,Fail
CNAG_02829,27,PASS
CNAG_02834,27,PASS
CNAG_02853,27,PASS
CNAG_02874,27,PASS
CNAG_02878,27,Fail
CNAG_02879,27,PASS
CNAG_02881,27,PASS
CNAG_02888,27,PASS
CNAG_02889,27,PASS
CNAG_02898,27,Fail
CNAG_02901,27,Fail
CNAG_02903,27,PASS
CNAG_02906,27,PASS
CNAG_02907,27,PASS
CNAG_02913,27,PASS
CNAG_02919,27,Primer fail
CNAG_02920,27,Primer fail
CNAG_02921,27,PASS
CNAG_02922,27,PASS
CNAG_02924,27,PASS
CNAG_02926,27,PASS
CNAG_02927,27,PASS
CNAG_02928,27,Fail
CNAG_02932,27,PASS
CNAG_02933,27,PASS
CNAG_02938,27,PASS
CNAG_02941,27,PASS
CNAG_02955,27,PASS
CNAG_02960,27,PASS
CNAG_02972,27,PASS
CNAG_02974,27,PASS
CNAG_02975,27,PASS
CNAG_02980,27,PASS
CNAG_02984,27,PASS
CNAG_02988,27,PASS
CNAG_02989,27,PASS
CNAG_02992,27,PASS
CNAG_02993,27,PASS
CNAG_02994,27,PASS
CNAG_02995,27,PASS
CNAG_02996,27,PASS
CNAG_02997,27,PASS
CNAG_02998,27,PASS
CNAG_03003,27,PASS
CNAG_03005,27,PASS
CNAG_03006,27,PASS
CNAG_03008,27,PASS
CNAG_03009,27,PASS
CNAG_03010,27,PASS
CNAG_03020,27,PASS
CNAG_03021,27,PASS
CNAG_03023,27,PASS
CNAG_03025,27,PASS
CNAG_03031,27,PASS
CNAG_03034,27,PASS
CNAG_03036,27,PASS
CNAG_03037,27,PASS
CNAG_03041,27,PASS
CNAG_03043,27,PASS
CNAG_03044,27,PASS
CNAG_03054,27,PASS
CNAG_03055,27,PASS
CNAG_03056,27,PASS
CNAG_03057,28,PASS
CNAG_03063,28,Fail
CNAG_03067,28,PASS
CNAG_03070,28,PASS
CNAG_03071,28,PASS
CNAG_03073,28,PASS
CNAG_03077,28,PASS
CNAG_03082,28,PASS
CNAG_03085,28,PASS
CNAG_03087,28,PASS
CNAG_03092,28,PASS
CNAG_03097,28,PASS
CNAG_03102,28,Fail
CNAG_03105,28,PASS
CNAG_03107,28,PASS
CNAG_03108,28,PASS
CNAG_03109,28,PASS
CNAG_03111,28,PASS
CNAG_03112,28,PASS
CNAG_03133,28,PASS
CNAG_03137,28,PASS
CNAG_03144,28,PASS
CNAG_03147,28,PASS
CNAG_03153,28,PASS
CNAG_03156,28,PASS
CNAG_03162,28,PASS
CNAG_03163,28,PASS
CNAG_03166,28,PASS
CNAG_03171,28,PASS
CNAG_03174,28,PASS
CNAG_03175,28,PASS
CNAG_03179,28,PASS
CNAG_03185,28,PASS
CNAG_03186,28,PASS
CNAG_03192,28,PASS
CNAG_03197,28,PASS
CNAG_03212,28,PASS
CNAG_03214,28,PASS
CNAG_03215,28,PASS
CNAG_03221,28,PASS
CNAG_03224,28,PASS
CNAG_03231,28,Fail
CNAG_03235,28,PASS
CNAG_03238,28,PASS
CNAG_03239,28,Fail
CNAG_03243,28,PASS
CNAG_03259,28,PASS
CNAG_03262,28,PASS
CNAG_03269,28,PASS
CNAG_03275,28,PASS
CNAG_03282,28,PASS
CNAG_03286,28,PASS
CNAG_03288,28,Fail
CNAG_03289,28,PASS
CNAG_03291,28,PASS
CNAG_03292,28,PASS
CNAG_03294,28,PASS
CNAG_03297,28,PASS
CNAG_03298,28,PASS
CNAG_03309,28,PASS
CNAG_03310,28,Fail
CNAG_03339,28,PASS
CNAG_03340,28,PASS
CNAG_03342,28,PASS
CNAG_03343,28,PASS
CNAG_03345,28,PASS
CNAG_03348,28,PASS
CNAG_03352,28,PASS
CNAG_03354,28,PASS
CNAG_03360,28,PASS
CNAG_03361,28,PASS
CNAG_03367,28,PASS
CNAG_03372,28,PASS
CNAG_03373,28,PASS
CNAG_03375,28,PASS
CNAG_03376,28,PASS
CNAG_03379,28,PASS
CNAG_03380,28,PASS
CNAG_03387,28,PASS
CNAG_03391,28,PASS
CNAG_03392,28,PASS
CNAG_03393,28,PASS
CNAG_03394,28,PASS
CNAG_03396,28,PASS
CNAG_03402,28,PASS
CNAG_03407,28,PASS
CNAG_03410,28,PASS
CNAG_03411,28,PASS
CNAG_03414,28,PASS
CNAG_03416,28,PASS
CNAG_03417,28,PASS
CNAG_03420,28,PASS
CNAG_03425,28,Fail
CNAG_03427,28,PASS
CNAG_03432,28,PASS
CNAG_03440,28,PASS
CNAG_03444,29,PASS
CNAG_03445,29,PASS
CNAG_03446,29,PASS
CNAG_03450,29,PASS
CNAG_03456,29,PASS
CNAG_03460,29,PASS
CNAG_03465,29,PASS
CNAG_03466,29,PASS
CNAG_03467,29,PASS
CNAG_03468,29,PASS
CNAG_03474,29,PASS
CNAG_03475,29,PASS
CNAG_03488,29,PASS
CNAG_03499,29,PASS
CNAG_03518,29,PASS
CNAG_03519,29,PASS
CNAG_03522,29,Primer fail
CNAG_03523,29,Fail
CNAG_03527,29,PASS
CNAG_03528,29,PASS
CNAG_03529,29,PASS
CNAG_03530,29,Fail
CNAG_03531,29,PASS
CNAG_03532,29,PASS
CNAG_03534,29,PASS
CNAG_03538,29,PASS
CNAG_03539,29,PASS
CNAG_03541,29,PASS
CNAG_03550,29,PASS
CNAG_03551,29,PASS
CNAG_03552,29,PASS
CNAG_03553,29,PASS
CNAG_03559,29,PASS
CNAG_03560,29,PASS
CNAG_03573,29,PASS
CNAG_03575,29,PASS
CNAG_03576,29,PASS
CNAG_03583,29,PASS
CNAG_03584,29,PASS
CNAG_03585,29,Fail
CNAG_03588,29,Fail
CNAG_03597,29,PASS
CNAG_03598,29,PASS
CNAG_03604,29,Fail
CNAG_03607,29,PASS
CNAG_03608,29,PASS
CNAG_03609,29,PASS
CNAG_03613,29,PASS
CNAG_03614,29,PASS
CNAG_03618,29,PASS
CNAG_03619,29,PASS
CNAG_03620,29,PASS
CNAG_03626,29,PASS
CNAG_03627,29,PASS
CNAG_03628,29,PASS
CNAG_03630,29,PASS
CNAG_03633,29,PASS
CNAG_03635,29,PASS
CNAG_03638,29,PASS
CNAG_03639,29,PASS
CNAG_03640,29,PASS
CNAG_03643,29,PASS
CNAG_03647,29,PASS
CNAG_03649,29,PASS
CNAG_03650,29,PASS
CNAG_03651,29,Fail
CNAG_03652,29,PASS
CNAG_03657,29,PASS
CNAG_03661,29,PASS
CNAG_03662,29,PASS
CNAG_03663,29,PASS
CNAG_03671,29,Primer fail
CNAG_03679,29,PASS
CNAG_03684,29,Primer fail
CNAG_03685,29,PASS
CNAG_03687,29,PASS
CNAG_03688,29,PASS
CNAG_03692,29,PASS
CNAG_03694,29,PASS
CNAG_03696,29,PASS
CNAG_03702,29,PASS
CNAG_03703,29,PASS
CNAG_03704,29,PASS
CNAG_03707,29,PASS
CNAG_03708,29,PASS
CNAG_03709,29,PASS
CNAG_03717,29,PASS
CNAG_03718,29,PASS
CNAG_03723,29,PASS
CNAG_03730,29,Fail
CNAG_03731,29,PASS
CNAG_03744,29,PASS
CNAG_03748,29,PASS
CNAG_03751,29,PASS
CNAG_03752,29,PASS
CNAG_03759,29,PASS
CNAG_03770,30,PASS
CNAG_03771,30,PASS
CNAG_03775,30,PASS
CNAG_03776,30,PASS
CNAG_03784,30,PASS
CNAG_03785,30,PASS
CNAG_03794,30,PASS
CNAG_03795,30,PASS
CNAG_03808,30,PASS
CNAG_03814,30,Fail
CNAG_03821,30,PASS
CNAG_03825,30,PASS
CNAG_03828,30,Fail
CNAG_03831,30,PASS
CNAG_03832,30,PASS
CNAG_03833,30,PASS
CNAG_03834,30,PASS
CNAG_03842,30,PASS
CNAG_03845,30,PASS
CNAG_03846,30,PASS
CNAG_03852,30,PASS
CNAG_03862,30,PASS
CNAG_03863,30,PASS
CNAG_03869,30,PASS
CNAG_03871,30,PASS
CNAG_03872,30,PASS
CNAG_03875,30,PASS
CNAG_03877,30,PASS
CNAG_03878,30,PASS
CNAG_03881,30,PASS
CNAG_03886,30,PASS
CNAG_03889,30,PASS
CNAG_03890,30,PASS
CNAG_03896,30,PASS
CNAG_03898,30,PASS
CNAG_03900,30,PASS
CNAG_03905,30,PASS
CNAG_03908,30,PASS
CNAG_03909,30,PASS
CNAG_03913,30,PASS
CNAG_03919,30,PASS
CNAG_03920,30,PASS
CNAG_03922,30,PASS
CNAG_03923,30,PASS
CNAG_03924,30,PASS
CNAG_03925,30,PASS
CNAG_03934,30,PASS
CNAG_03935,30,PASS
CNAG_03938,30,PASS
CNAG_03945,30,PASS
CNAG_03957,30,PASS
CNAG_03958,30,PASS
CNAG_03963,30,PASS
CNAG_03966,30,PASS
CNAG_03967,30,PASS
CNAG_03971,30,PASS
CNAG_03973,30,PASS
CNAG_03978,30,PASS
CNAG_03983,30,PASS
CNAG_03984,30,PASS
CNAG_03989,30,PASS
CNAG_03990,30,PASS
CNAG_03991,30,PASS
CNAG_03992,30,PASS
CNAG_03993,30,PASS
CNAG_03995,30,Primer fail
CNAG_03999,30,PASS
CNAG_04002,30,PASS
CNAG_04007,30,PASS
CNAG_04008,30,PASS
CNAG_04013,30,PASS
CNAG_04017,30,PASS
CNAG_04030,30,Fail
CNAG_04031,30,PASS
CNAG_04033,30,Fail
CNAG_04036,30,PASS
CNAG_04043,30,PASS
CNAG_04045,30,Fail
CNAG_04048,30,PASS
CNAG_04049,30,PASS
CNAG_04051,30,Fail
CNAG_04053,30,PASS
CNAG_04055,30,PASS
CNAG_04056,30,Primer fail
CNAG_04060,30,Fail
CNAG_04073,30,Fail
CNAG_04081,30,PASS
CNAG_04084,30,PASS
CNAG_04089,30,Fail
CNAG_04092,30,PASS
CNAG_04096,30,PASS
CNAG_04111,30,PASS
CNAG_04116,30,PASS
CNAG_04117,30,PASS
CNAG_04118,30,PASS
CNAG_04126,30,PASS
CNAG_04128,31,PASS
CNAG_04136,31,PASS
CNAG_04138,31,PASS
CNAG_04154,31,PASS
CNAG_04155,31,Fail
CNAG_04160,31,PASS
CNAG_04165,31,PASS
CNAG_04173,31,PASS
CNAG_04174,31,Fail
CNAG_04183,31,PASS
CNAG_04188,31,PASS
CNAG_04191,31,PASS
CNAG_04192,31,Fail
CNAG_04195,31,PASS
CNAG_04196,31,PASS
CNAG_04198,31,PASS
CNAG_04199,31,PASS
CNAG_04203,31,Primer fail
CNAG_04205,31,PASS
CNAG_04206,31,PASS
CNAG_04207,31,PASS
CNAG_04212,31,Primer fail
CNAG_04219,31,PASS
CNAG_04222,31,Fail
CNAG_04225,31,PASS
CNAG_04232,31,PASS
CNAG_04234,31,PASS
CNAG_04239,31,PASS
CNAG_04240,31,PASS
CNAG_04241,31,PASS
CNAG_04244,31,PASS
CNAG_04256,31,PASS
CNAG_04257,31,Fail
CNAG_04262,31,PASS
CNAG_04266,31,PASS
CNAG_04273,31,PASS
CNAG_04274,31,PASS
CNAG_04275,31,PASS
CNAG_04276,31,PASS
CNAG_04282,31,PASS
CNAG_04293,31,PASS
CNAG_04294,31,PASS
CNAG_04299,31,PASS
CNAG_04301,31,PASS
CNAG_04302,31,PASS
CNAG_04315,31,PASS
CNAG_04317,31,PASS
CNAG_04326,31,PASS
CNAG_04330,31,PASS
CNAG_04333,31,PASS
CNAG_04338,31,PASS
CNAG_04340,31,PASS
CNAG_04341,31,PASS
CNAG_04342,31,PASS
CNAG_04351,31,PASS
CNAG_04353,31,PASS
CNAG_04354,31,PASS
CNAG_04355,31,PASS
CNAG_04361,31,PASS
CNAG_04363,31,PASS
CNAG_04367,31,PASS
CNAG_04369,31,PASS
CNAG_04438,31,PASS
CNAG_04458,31,PASS
CNAG_04459,31,PASS
CNAG_04462,31,PASS
CNAG_04473,31,PASS
CNAG_04478,31,PASS
CNAG_04488,31,PASS
CNAG_04495,31,PASS
CNAG_04501,31,Fail
CNAG_04503,31,PASS
CNAG_04508,31,PASS
CNAG_04509,31,PASS
CNAG_04512,31,PASS
CNAG_04515,31,PASS
CNAG_04516,31,PASS
CNAG_04519,31,PASS
CNAG_04526,31,PASS
CNAG_04527,31,PASS
CNAG_04530,31,PASS
CNAG_04531,31,PASS
CNAG_04538,31,PASS
CNAG_04544,31,PASS
CNAG_04545,31,PASS
CNAG_04553,31,PASS
CNAG_04556,31,Fail
CNAG_04557,31,Fail
CNAG_04558,31,PASS
CNAG_04567,31,PASS
CNAG_04589,31,PASS
CNAG_04592,31,PASS
CNAG_04595,31,PASS
CNAG_04596,31,PASS
CNAG_04606,31,PASS
CNAG_04607,31,PASS
CNAG_04610,32,PASS
CNAG_04636,32,PASS
CNAG_04647,32,PASS
CNAG_04651,32,PASS
CNAG_04652,32,PASS
CNAG_04654,32,PASS
CNAG_04660,32,PASS
CNAG_04661,32,PASS
CNAG_04662,32,PASS
CNAG_04670,32,PASS
CNAG_04671,32,PASS
CNAG_04674,32,Primer fail
CNAG_04679,32,PASS
CNAG_04707,32,PASS
CNAG_04710,32,PASS
CNAG_04711,32,PASS
CNAG_04712,32,PASS
CNAG_04713,32,PASS
CNAG_04714,32,PASS
CNAG_04725,32,PASS
CNAG_04727,32,PASS
CNAG_04731,32,PASS
CNAG_04732,32,PASS
CNAG_04734,32,PASS
CNAG_04738,32,PASS
CNAG_04744,32,PASS
CNAG_04746,32,PASS
CNAG_04747,32,PASS
CNAG_04749,32,PASS
CNAG_04750,32,PASS
CNAG_04751,32,Fail
CNAG_04766,32,PASS
CNAG_04769,32,PASS
CNAG_04775,32,PASS
CNAG_04783,32,PASS
CNAG_04784,32,PASS
CNAG_04785,32,PASS
CNAG_04787,32,PASS
CNAG_04789,32,PASS
CNAG_04800,32,Fail
CNAG_04806,32,PASS
CNAG_04809,32,PASS
CNAG_04810,32,PASS
CNAG_04818,32,PASS
CNAG_04819,32,PASS
CNAG_04831,32,PASS
CNAG_04834,32,PASS
CNAG_04854,32,PASS
CNAG_04855,32,PASS
CNAG_04866,32,PASS
CNAG_04870,32,PASS
CNAG_04871,32,Fail
CNAG_04873,32,PASS
CNAG_04882,32,Fail
CNAG_04890,32,PASS
CNAG_04893,32,PASS
CNAG_04894,32,PASS
CNAG_04897,32,PASS
CNAG_04898,32,PASS
CNAG_04901,32,PASS
CNAG_04902,32,PASS
CNAG_04905,32,PASS
CNAG_04912,32,PASS
CNAG_04915,32,PASS
CNAG_04919,32,PASS
CNAG_04922,32,PASS
CNAG_04937,32,PASS
CNAG_04943,32,PASS
CNAG_04947,32,PASS
CNAG_04948,32,PASS
CNAG_04959,32,PASS
CNAG_04960,32,PASS
CNAG_04961,32,Fail
CNAG_04967,32,PASS
CNAG_04968,32,PASS
CNAG_04975,32,PASS
CNAG_04977,32,PASS
CNAG_04978,32,PASS
CNAG_04979,32,PASS
CNAG_04985,32,PASS
CNAG_04987,32,PASS
CNAG_04993,32,PASS
CNAG_05008,32,PASS
CNAG_05010,32,PASS
CNAG_05180,32,PASS
CNAG_05184,32,PASS
CNAG_05188,32,PASS
CNAG_05200,32,PASS
CNAG_05212,32,PASS
CNAG_05218,32,PASS
CNAG_05219,32,PASS
CNAG_05223,32,PASS
CNAG_05224,32,PASS
CNAG_05225,32,PASS
CNAG_05226,32,PASS
CNAG_05227,32,PASS
CNAG_05228,33,Fail
CNAG_05234,33,Primer fail
CNAG_05237,33,PASS
CNAG_05244,33,PASS
CNAG_05245,33,PASS
CNAG_05247,33,PASS
CNAG_05261,33,PASS
CNAG_05266,33,PASS
CNAG_05272,33,PASS
CNAG_05273,33,PASS
CNAG_05276,33,PASS
CNAG_05282,33,PASS
CNAG_05284,33,PASS
CNAG_05289,33,PASS
CNAG_05294,33,PASS
CNAG_05295,33,PASS
CNAG_05298,33,PASS
CNAG_05305,33,PASS
CNAG_05306,33,PASS
CNAG_05314,33,PASS
CNAG_05319,33,PASS
CNAG_05331,33,PASS
CNAG_05335,33,PASS
CNAG_05338,33,PASS
CNAG_05342,33,PASS
CNAG_05356,33,PASS
CNAG_05357,33,Fail
CNAG_04243,33,PASS
CNAG_01773,33,PASS
CNAG_01601,33,PASS
CNAG_06836,33,PASS
CNAG_06389,33,PASS
CNAG_00903,33,Fail
CNAG_00457,33,Fail
CNAG_03116,33,PASS
CNAG_03873,33,PASS
CNAG_00194,33,PASS
CNAG_03498,33,PASS
CNAG_03426,33,PASS
CNAG_00077,33,PASS
CNAG_02965,33,PASS
CNAG_04546,33,PASS
CNAG_04523,33,PASS
CNAG_04522,33,PASS
CNAG_06576,33,PASS
CNAG_03836,33,PASS
CNAG_01994,33,PASS
CNAG_07361,33,PASS
CNAG_00263,33,PASS
CNAG_07474,33,PASS
CNAG_05064,33,PASS
CNAG_04927,33,PASS
CNAG_07594,33,PASS
CNAG_01030,33,PASS
CNAG_01421,33,PASS
CNAG_00870,33,PASS
CNAG_01647,33,PASS
CNAG_05815,33,PASS
CNAG_01602,33,PASS
CNAG_01860,33,PASS
CNAG_03487,33,PASS
CNAG_05824,33,PASS
CNAG_05191,33,Fail
CNAG_07011,33,PASS
CNAG_07412,33,PASS
CNAG_06247,33,PASS
CNAG_05772,33,PASS
CNAG_03546,33,Fail
CNAG_00515,33,PASS
CNAG_00516,33,PASS
CNAG_00517,33,PASS
CNAG_00520,33,Fail
CNAG_00523,33,PASS
CNAG_00524,33,PASS
CNAG_00526,33,PASS
CNAG_00528,33,PASS
CNAG_00529,33,PASS
CNAG_00530,33,PASS
CNAG_00534,33,PASS
CNAG_00538,33,PASS
CNAG_00541,33,PASS
CNAG_00542,33,PASS
CNAG_00543,33,PASS
CNAG_00550,33,PASS
CNAG_00554,33,PASS
CNAG_00555,33,PASS
CNAG_00558,33,PASS
CNAG_00560,33,PASS
CNAG_00561,33,PASS
CNAG_00562,33,PASS
CNAG_00570,33,PASS
CNAG_00571,33,PASS
CNAG_00574,33,PASS
CNAG_00575,33,PASS
CNAG_00576,33,PASS
CNAG_00582,33,PASS
CNAG_05075,34,PASS
CNAG_00011,34,PASS
CNAG_02264,34,PASS
CNAG_07873,34,PASS
CNAG_00864,34,PASS
CNAG_00122,34,PASS
CNAG_04104,34,PASS
CNAG_04103,34,PASS
CNAG_05053,34,PASS
CNAG_03774,34,PASS
CNAG_00904,34,PASS
CNAG_04028,34,PASS
CNAG_05539,34,PASS
CNAG_00594,34,PASS
CNAG_01283,34,PASS
CNAG_07641,34,PASS
CNAG_07690,34,PASS
CNAG_07402,34,PASS
CNAG_04846,34,PASS
CNAG_03883,34,PASS
CNAG_03117,34,PASS
CNAG_03479,34,PASS
CNAG_05381,34,PASS
CNAG_02048,34,PASS
CNAG_00861,34,PASS
CNAG_06016,34,PASS
CNAG_01588,34,PASS
CNAG_06623,34,PASS
CNAG_05411,34,PASS
CNAG_00347,34,PASS
CNAG_05302,34,PASS
CNAG_05155,34,PASS
CNAG_07751,34,PASS
CNAG_04320,34,PASS
CNAG_05154,34,PASS
CNAG_07188,34,PASS
CNAG_07703,34,PASS
CNAG_06499,34,Fail
CNAG_05293,34,PASS
CNAG_03145,34,PASS
CNAG_00866,34,Fail
CNAG_07124,34,PASS
CNAG_02552,34,PASS
CNAG_03248,34,PASS
CNAG_07489,34,PASS
CNAG_07404,34,PASS
CNAG_00583,34,PASS
CNAG_00585,34,PASS
CNAG_00586,34,PASS
CNAG_00589,34,PASS
CNAG_00590,34,PASS
CNAG_00591,34,PASS
CNAG_00593,34,PASS
CNAG_00596,34,PASS
CNAG_00599,34,PASS
CNAG_00601,34,PASS
CNAG_00608,34,PASS
CNAG_00609,34,PASS
CNAG_00613,34,Primer fail
CNAG_00622,34,PASS
CNAG_00623,34,PASS
CNAG_00624,34,PASS
CNAG_00625,34,PASS
CNAG_00626,34,PASS
CNAG_00628,34,PASS
CNAG_00632,34,PASS
CNAG_00635,34,PASS
CNAG_00640,34,Fail
CNAG_00641,34,Fail
CNAG_00642,34,PASS
CNAG_00648,34,Fail
CNAG_00650,34,PASS
CNAG_00651,34,PASS
CNAG_00655,34,Fail
CNAG_00656,34,Fail
CNAG_00657,34,PASS
CNAG_00658,34,PASS
CNAG_00659,34,PASS
CNAG_00664,34,PASS
CNAG_00667,34,PASS
CNAG_00671,34,PASS
CNAG_00673,34,PASS
CNAG_00693,34,PASS
CNAG_00695,34,PASS
CNAG_00696,34,PASS
CNAG_00697,34,PASS
CNAG_00713,34,PASS
CNAG_00718,34,PASS
CNAG_00723,34,PASS
CNAG_00727,34,PASS
CNAG_00729,34,PASS
CNAG_00747,34,PASS
CNAG_00753,34,PASS
CNAG_00754,34,Fail
CNAG_00760,34,Primer fail
CNAG_00767,34,Fail
CNAG_00768,35,PASS
CNAG_00781,35,PASS
CNAG_00795,35,PASS
CNAG_00801,35,PASS
CNAG_00810,35,PASS
CNAG_00835,35,PASS
CNAG_00837,35,PASS
CNAG_00843,35,PASS
CNAG_00848,35,PASS
CNAG_00850,35,PASS
CNAG_00872,35,PASS
CNAG_00875,35,PASS
CNAG_04245,35,PASS
CNAG_04246,35,PASS
CNAG_04248,35,PASS
CNAG_04253,35,PASS
CNAG_04268,35,PASS
CNAG_04277,35,PASS
CNAG_04288,35,Fail
CNAG_04290,35,PASS
CNAG_04305,35,PASS
CNAG_04311,35,Fail
CNAG_04313,35,PASS
CNAG_04314,35,PASS
CNAG_04316,35,PASS
CNAG_04357,35,PASS
CNAG_04383,35,PASS
CNAG_05016,35,PASS
CNAG_05018,35,PASS
CNAG_05019,35,PASS
CNAG_05020,35,PASS
CNAG_05021,35,PASS
CNAG_05022,35,PASS
CNAG_05023,35,PASS
CNAG_05025,35,PASS
CNAG_05029,35,PASS
CNAG_05030,35,PASS
CNAG_05033,35,PASS
CNAG_05034,35,PASS
CNAG_05037,35,PASS
CNAG_05040,35,PASS
CNAG_05043,35,PASS
CNAG_05045,35,PASS
CNAG_05056,35,PASS
CNAG_05062,35,Fail
CNAG_05065,35,PASS
CNAG_05071,35,PASS
CNAG_05072,35,PASS
CNAG_05084,35,PASS
CNAG_05090,35,PASS
CNAG_05092,35,PASS
CNAG_05095,35,PASS
CNAG_05096,35,PASS
CNAG_05097,35,PASS
CNAG_05102,35,PASS
CNAG_05104,35,PASS
CNAG_05106,35,PASS
CNAG_05109,35,PASS
CNAG_05116,35,PASS
CNAG_05117,35,PASS
CNAG_05120,35,PASS
CNAG_05122,35,PASS
CNAG_05123,35,PASS
CNAG_05129,35,PASS
CNAG_05131,35,PASS
CNAG_05135,35,PASS
CNAG_05141,35,PASS
CNAG_05146,35,PASS
CNAG_05157,35,PASS
CNAG_05158,35,PASS
CNAG_05162,35,PASS
CNAG_05168,35,PASS
CNAG_05367,35,PASS
CNAG_05373,35,PASS
CNAG_05374,35,PASS
CNAG_05379,35,PASS
CNAG_05383,35,PASS
CNAG_05388,35,PASS
CNAG_05389,35,PASS
CNAG_05390,35,PASS
CNAG_05395,35,Primer fail
CNAG_05404,35,PASS
CNAG_05410,35,PASS
CNAG_05413,35,Primer fail
CNAG_05417,35,Primer fail
CNAG_05419,35,PASS
CNAG_05421,35,PASS
CNAG_05427,35,PASS
CNAG_05433,35,Fail
CNAG_05434,35,PASS
CNAG_05437,35,PASS
CNAG_05439,35,PASS
CNAG_05440,35,Primer fail
CNAG_05441,35,Primer fail
CNAG_05447,35,Primer fail
CNAG_05463,36,PASS
CNAG_05464,36,PASS
CNAG_05482,36,PASS
CNAG_05484,36,PASS
CNAG_05486,36,PASS
CNAG_05499,36,PASS
CNAG_05500,36,PASS
CNAG_05503,36,PASS
CNAG_05511,36,PASS
CNAG_05512,36,PASS
CNAG_05514,36,PASS
CNAG_05519,36,PASS
CNAG_05523,36,PASS
CNAG_05530,36,PASS
CNAG_05544,36,PASS
CNAG_05546,36,Fail
CNAG_05560,36,Primer fail
CNAG_05562,36,PASS
CNAG_05565,36,PASS
CNAG_05566,36,PASS
CNAG_05572,36,PASS
CNAG_05573,36,PASS
CNAG_05577,36,PASS
CNAG_05579,36,PASS
CNAG_05581,36,Fail
CNAG_05582,36,PASS
CNAG_05584,36,PASS
CNAG_05585,36,PASS
CNAG_05593,36,PASS
CNAG_05607,36,PASS
CNAG_05613,36,PASS
CNAG_05616,36,PASS
CNAG_05620,36,PASS
CNAG_05643,36,PASS
CNAG_05644,36,PASS
CNAG_05645,36,Fail
CNAG_05646,36,PASS
CNAG_05647,36,PASS
CNAG_05649,36,PASS
CNAG_05651,36,PASS
CNAG_05656,36,PASS
CNAG_05659,36,PASS
CNAG_05666,36,PASS
CNAG_05671,36,PASS
CNAG_05672,36,PASS
CNAG_05673,36,PASS
CNAG_05682,36,PASS
CNAG_05683,36,PASS
CNAG_05687,36,PASS
CNAG_05702,36,PASS
CNAG_05703,36,Fail
CNAG_05704,36,PASS
CNAG_05707,36,PASS
CNAG_05711,36,PASS
CNAG_05717,36,PASS
CNAG_05721,36,PASS
CNAG_05728,36,PASS
CNAG_05729,36,PASS
CNAG_05733,36,PASS
CNAG_05734,36,Primer fail
CNAG_05736,36,PASS
CNAG_05738,36,PASS
CNAG_05739,36,PASS
CNAG_05747,36,PASS
CNAG_05748,36,PASS
CNAG_05749,36,PASS
CNAG_05752,36,PASS
CNAG_05756,36,PASS
CNAG_05763,36,PASS
CNAG_05765,36,PASS
CNAG_05769,36,PASS
CNAG_05774,36,PASS
CNAG_05786,36,PASS
CNAG_05788,36,PASS
CNAG_05790,36,Fail
CNAG_05791,36,PASS
CNAG_05794,36,PASS
CNAG_05801,36,PASS
CNAG_05802,36,PASS
CNAG_05804,36,PASS
CNAG_05807,36,PASS
CNAG_05816,36,PASS
CNAG_05818,36,PASS
CNAG_05821,36,PASS
CNAG_05822,36,PASS
CNAG_05823,36,PASS
CNAG_05837,36,PASS
CNAG_05839,36,PASS
CNAG_05845,36,PASS
CNAG_05846,36,PASS
CNAG_05852,36,PASS
CNAG_05858,36,PASS
CNAG_05859,36,PASS
CNAG_05860,36,PASS
CNAG_05862,36,PASS
CNAG_05866,36,PASS
CNAG_05471,37,Fail
CNAG_05868,37,PASS
CNAG_05869,37,PASS
CNAG_05873,37,PASS
CNAG_05874,37,PASS
CNAG_05875,37,Fail
CNAG_05878,37,Fail
CNAG_05885,37,Fail
CNAG_05890,37,PASS
CNAG_05891,37,PASS
CNAG_05897,37,PASS
CNAG_05899,37,PASS
CNAG_05901,37,Primer fail
CNAG_05903,37,PASS
CNAG_05926,37,PASS
CNAG_05932,37,PASS
CNAG_05937,37,Fail
CNAG_05941,37,Fail
CNAG_05962,37,PASS
CNAG_05963,37,PASS
CNAG_05965,37,PASS
CNAG_05969,37,Primer fail
CNAG_05971,37,PASS
CNAG_05972,37,PASS
CNAG_05974,37,PASS
CNAG_05977,37,PASS
CNAG_05982,37,Fail
CNAG_05989,37,Fail
CNAG_06015,37,PASS
CNAG_06018,37,PASS
CNAG_06019,37,PASS
CNAG_06022,37,PASS
CNAG_06024,37,PASS
CNAG_06026,37,Fail
CNAG_06027,37,PASS
CNAG_06050,37,PASS
CNAG_06062,37,Fail
CNAG_06066,37,PASS
CNAG_06073,37,PASS
CNAG_06074,37,PASS
CNAG_06078,37,PASS
CNAG_06080,37,PASS
CNAG_06086,37,PASS
CNAG_06087,37,Fail
CNAG_06106,37,PASS
CNAG_06119,37,PASS
CNAG_06121,37,PASS
CNAG_06129,37,PASS
CNAG_06130,37,PASS
CNAG_06131,37,PASS
CNAG_06132,37,PASS
CNAG_06133,37,PASS
CNAG_06135,37,PASS
CNAG_06137,37,Fail
CNAG_06138,37,PASS
CNAG_06139,37,PASS
CNAG_06143,37,PASS
CNAG_06152,37,PASS
CNAG_06154,37,PASS
CNAG_06156,37,PASS
CNAG_06157,37,PASS
CNAG_06159,37,PASS
CNAG_06164,37,Fail
CNAG_06168,37,PASS
CNAG_06169,37,PASS
CNAG_06170,37,PASS
CNAG_06171,37,PASS
CNAG_06173,37,PASS
CNAG_06180,37,PASS
CNAG_06184,37,PASS
CNAG_06185,37,PASS
CNAG_06189,37,PASS
CNAG_06192,37,PASS
CNAG_06194,37,PASS
CNAG_06197,37,Fail
CNAG_06209,37,PASS
CNAG_06213,37,PASS
CNAG_06215,37,PASS
CNAG_06216,37,Fail
CNAG_06218,37,PASS
CNAG_06219,37,Fail
CNAG_06223,37,PASS
CNAG_06224,37,PASS
CNAG_06229,37,Fail
CNAG_06236,37,PASS
CNAG_06251,37,PASS
CNAG_06252,37,PASS
CNAG_06253,37,PASS
CNAG_06271,37,PASS
CNAG_06272,37,PASS
CNAG_06273,37,Fail
CNAG_06287,37,PASS
CNAG_06292,37,PASS
CNAG_06293,37,PASS
CNAG_06296,37,PASS
CNAG_06300,37,PASS
CNAG_06302,38,PASS
CNAG_06307,38,Fail
CNAG_06311,38,PASS
CNAG_06312,38,Primer fail
CNAG_06317,38,PASS
CNAG_06319,38,PASS
CNAG_06320,38,PASS
CNAG_06321,38,PASS
CNAG_06326,38,PASS
CNAG_06328,38,PASS
CNAG_06329,38,PASS
CNAG_06330,38,PASS
CNAG_06334,38,Primer fail
CNAG_06337,38,PASS
CNAG_06338,38,PASS
CNAG_06341,38,PASS
CNAG_06342,38,Fail
CNAG_06350,38,PASS
CNAG_06351,38,PASS
CNAG_06354,38,PASS
CNAG_06355,38,PASS
CNAG_06356,38,PASS
CNAG_06357,38,PASS
CNAG_06359,38,PASS
CNAG_06360,38,Fail
CNAG_06362,38,PASS
CNAG_06365,38,PASS
CNAG_06366,38,PASS
CNAG_06370,38,PASS
CNAG_06375,38,PASS
CNAG_06376,38,PASS
CNAG_06382,38,PASS
CNAG_06385,38,PASS
CNAG_06394,38,PASS
CNAG_06395,38,PASS
CNAG_06399,38,Fail
CNAG_06406,38,PASS
CNAG_06409,38,PASS
CNAG_06410,38,PASS
CNAG_06413,38,PASS
CNAG_06416,38,PASS
CNAG_06417,38,PASS
CNAG_06418,38,PASS
CNAG_06420,38,PASS
CNAG_06423,38,PASS
CNAG_06435,38,PASS
CNAG_06449,38,PASS
CNAG_06451,38,PASS
CNAG_06466,38,PASS
CNAG_06467,38,PASS
CNAG_06473,38,PASS
CNAG_06475,38,PASS
CNAG_06482,38,PASS
CNAG_06486,38,PASS
CNAG_06494,38,PASS
CNAG_06503,38,PASS
CNAG_06504,38,PASS
CNAG_06505,38,PASS
CNAG_06506,38,PASS
CNAG_06507,38,PASS
CNAG_06511,38,PASS
CNAG_06515,38,PASS
CNAG_06516,38,PASS
CNAG_06518,38,PASS
CNAG_06528,38,Fail
CNAG_06532,38,PASS
CNAG_06543,38,PASS
CNAG_06548,38,PASS
CNAG_06551,38,PASS
CNAG_06553,38,PASS
CNAG_06557,38,PASS
CNAG_06562,38,PASS
CNAG_06565,38,PASS
CNAG_06566,38,PASS
CNAG_06569,38,PASS
CNAG_06570,38,PASS
CNAG_06586,38,PASS
CNAG_06587,38,PASS
CNAG_06592,38,PASS
CNAG_06597,38,PASS
CNAG_06598,38,PASS
CNAG_06609,38,PASS
CNAG_06622,38,PASS
CNAG_06627,38,PASS
CNAG_06631,38,PASS
CNAG_06635,38,PASS
CNAG_06636,38,PASS
CNAG_06643,38,PASS
CNAG_06650,38,PASS
CNAG_06651,38,PASS
CNAG_06654,38,PASS
CNAG_06659,38,PASS
CNAG_06660,38,PASS
CNAG_06661,38,PASS
CNAG_06663,38,PASS
CNAG_06664,38,PASS
CNAG_06665,39,PASS
CNAG_06667,39,PASS
CNAG_06672,39,PASS
CNAG_06675,39,PASS
CNAG_06676,39,PASS
CNAG_06686,39,PASS
CNAG_06692,39,PASS
CNAG_06695,39,PASS
CNAG_06704,39,PASS
CNAG_06707,39,PASS
CNAG_06708,39,PASS
CNAG_06714,39,PASS
CNAG_06718,39,PASS
CNAG_06731,39,Primer fail
CNAG_06733,39,Fail
CNAG_06738,39,PASS
CNAG_06743,39,PASS
CNAG_06750,39,PASS
CNAG_06753,39,PASS
CNAG_06754,39,PASS
CNAG_06757,39,Fail
CNAG_06759,39,PASS
CNAG_06771,39,PASS
CNAG_06778,39,PASS
CNAG_06781,39,PASS
CNAG_06783,39,PASS
CNAG_06786,39,PASS
CNAG_06790,39,PASS
CNAG_06791,39,PASS
CNAG_06792,39,PASS
CNAG_06793,39,PASS
CNAG_06794,39,PASS
CNAG_06796,39,PASS
CNAG_06797,39,PASS
CNAG_06799,39,Fail
CNAG_06801,39,Fail
CNAG_06804,39,PASS
CNAG_06805,39,PASS
CNAG_06809,39,PASS
CNAG_06815,39,PASS
CNAG_06816,39,PASS
CNAG_06818,39,PASS
CNAG_06820,39,PASS
CNAG_06822,39,PASS
CNAG_06823,39,PASS
CNAG_06834,39,PASS
CNAG_06839,39,PASS
CNAG_06846,39,PASS
CNAG_06853,39,PASS
CNAG_06854,39,PASS
CNAG_06866,39,PASS
CNAG_06869,39,PASS
CNAG_06872,39,PASS
CNAG_06873,39,Fail
CNAG_06875,39,PASS
CNAG_06876,39,PASS
CNAG_06877,39,PASS
CNAG_06879,39,PASS
CNAG_06884,39,PASS
CNAG_06888,39,PASS
CNAG_06892,39,PASS
CNAG_06893,39,PASS
CNAG_06906,39,PASS
CNAG_06907,39,PASS
CNAG_06909,39,PASS
CNAG_06910,39,PASS
CNAG_06911,39,PASS
CNAG_06915,39,PASS
CNAG_06920,39,Fail
CNAG_06935,39,PASS
CNAG_06947,39,PASS
CNAG_06949,39,PASS
CNAG_06966,39,PASS
CNAG_06971,39,PASS
CNAG_06997,39,PASS
CNAG_07008,39,PASS
CNAG_07009,39,PASS
CNAG_07015,39,PASS
CNAG_07027,39,PASS
CNAG_07029,39,PASS
CNAG_07164,39,PASS
CNAG_07176,39,PASS
CNAG_07203,39,PASS
CNAG_07253,39,PASS
CNAG_07306,39,PASS
CNAG_07307,39,PASS
CNAG_07314,39,PASS
CNAG_07321,39,Fail
CNAG_07325,39,PASS
CNAG_07337,39,PASS
CNAG_07340,39,PASS
CNAG_07350,39,PASS
CNAG_07351,39,PASS
CNAG_07352,39,PASS
CNAG_07362,39,PASS
CNAG_07365,39,PASS
CNAG_07375,40,PASS
CNAG_07384,40,Fail
CNAG_07386,40,PASS
CNAG_07396,40,PASS
CNAG_07399,40,PASS
CNAG_07405,40,PASS
CNAG_07414,40,PASS
CNAG_07417,40,PASS
CNAG_07420,40,PASS
CNAG_07423,40,PASS
CNAG_07425,40,PASS
CNAG_07431,40,PASS
CNAG_07432,40,PASS
CNAG_07446,40,PASS
CNAG_07449,40,PASS
CNAG_07450,40,PASS
CNAG_07451,40,PASS
CNAG_07453,40,PASS
CNAG_07455,40,PASS
CNAG_07459,40,PASS
CNAG_07471,40,PASS
CNAG_07472,40,PASS
CNAG_07475,40,PASS
CNAG_07477,40,PASS
CNAG_07478,40,PASS
CNAG_07480,40,PASS
CNAG_07482,40,PASS
CNAG_07484,40,PASS
CNAG_07488,40,PASS
CNAG_07499,40,PASS
CNAG_07501,40,Fail
CNAG_07503,40,PASS
CNAG_07504,40,PASS
CNAG_07507,40,PASS
CNAG_07509,40,PASS
CNAG_07515,40,PASS
CNAG_07520,40,PASS
CNAG_07522,40,PASS
CNAG_07526,40,PASS
CNAG_07527,40,PASS
CNAG_07534,40,Fail
CNAG_07543,40,PASS
CNAG_07544,40,PASS
CNAG_07545,40,PASS
CNAG_07550,40,PASS
CNAG_07553,40,PASS
CNAG_07555,40,PASS
CNAG_07557,40,PASS
CNAG_07558,40,PASS
CNAG_07559,40,PASS
CNAG_07562,40,PASS
CNAG_07564,40,Primer fail
CNAG_07573,40,PASS
CNAG_07576,40,PASS
CNAG_07578,40,PASS
CNAG_07580,40,PASS
CNAG_07581,40,PASS
CNAG_07588,40,PASS
CNAG_07592,40,PASS
CNAG_07593,40,PASS
CNAG_07596,40,PASS
CNAG_07600,40,PASS
CNAG_07604,40,PASS
CNAG_07606,40,PASS
CNAG_07607,40,PASS
CNAG_07611,40,PASS
CNAG_07618,40,PASS
CNAG_07619,40,PASS
CNAG_07623,40,PASS
CNAG_07624,40,PASS
CNAG_07643,40,PASS
CNAG_07645,40,PASS
CNAG_07646,40,PASS
CNAG_07648,40,PASS
CNAG_07656,40,Fail
CNAG_07658,40,PASS
CNAG_07671,40,PASS
CNAG_07679,40,PASS
CNAG_07682,40,PASS
CNAG_07683,40,PASS
CNAG_07687,40,PASS
CNAG_07692,40,PASS
CNAG_07691,40,PASS
CNAG_07695,40,PASS
CNAG_07707,40,PASS
CNAG_07708,40,PASS
CNAG_07709,40,Fail
CNAG_07712,40,PASS
CNAG_07713,40,PASS
CNAG_07714,40,Fail
CNAG_07722,40,PASS
CNAG_07727,40,PASS
CNAG_07730,40,PASS
CNAG_07731,40,PASS
CNAG_07732,40,PASS
CNAG_07733,40,PASS
CNAG_07738,41,PASS
CNAG_07741,41,PASS
CNAG_07747,41,PASS
CNAG_07748,41,PASS
CNAG_07750,41,PASS
CNAG_07758,41,PASS
CNAG_07762,41,PASS
CNAG_07801,41,PASS
CNAG_07803,41,PASS
CNAG_07805,41,PASS
CNAG_07808,41,PASS
CNAG_07811,41,PASS
CNAG_07817,41,PASS
CNAG_07818,41,PASS
CNAG_07819,41,PASS
CNAG_07820,41,PASS
CNAG_07821,41,PASS
CNAG_07823,41,PASS
CNAG_07824,41,PASS
CNAG_07826,41,PASS
CNAG_07829,41,PASS
CNAG_07831,41,PASS
CNAG_07833,41,PASS
CNAG_07837,41,Fail
CNAG_07841,41,PASS
CNAG_07843,41,PASS
CNAG_07848,41,PASS
CNAG_07849,41,PASS
CNAG_07850,41,PASS
CNAG_07852,41,PASS
CNAG_07853,41,PASS
CNAG_07854,41,PASS
CNAG_07858,41,PASS
CNAG_07859,41,PASS
CNAG_07861,41,Primer fail
CNAG_07870,41,PASS
CNAG_07872,41,PASS
CNAG_07879,41,PASS
CNAG_07880,41,PASS
CNAG_07886,41,PASS
CNAG_07888,41,Fail
CNAG_07889,41,PASS
CNAG_07890,41,PASS
CNAG_07891,41,PASS
CNAG_07895,41,PASS
CNAG_07899,41,PASS
CNAG_07900,41,PASS
CNAG_07906,41,PASS
CNAG_07913,41,PASS
CNAG_07916,41,PASS
CNAG_07927,41,PASS
CNAG_07928,41,PASS
CNAG_07930,41,PASS
CNAG_07931,41,PASS
CNAG_07932,41,Fail
CNAG_07934,41,PASS
CNAG_07935,41,Fail
CNAG_07944,41,PASS
CNAG_05515,41,PASS
CNAG_05387,41,Fail
CNAG_06517,41,PASS
CNAG_06241,41,PASS
CNAG_07911,41,PASS
CNAG_01683,41,PASS
CNAG_01902,41,PASS
CNAG_01989,41,PASS
CNAG_01965,41,PASS
CNAG_04837,41,PASS
CNAG_04836,41,PASS
CNAG_04875,41,PASS
CNAG_04517,41,PASS
CNAG_07770,41,PASS
CNAG_03333,41,PASS
CNAG_02189,41,PASS
CNAG_00285,41,PASS
CNAG_03279,41,PASS
CNAG_03768,41,PASS
CNAG_01973,41,PASS
CNAG_05333,41,PASS
CNAG_03849,41,PASS
CNAG_02555,41,PASS
CNAG_03366,41,PASS
CNAG_04090,41,PASS
CNAG_05153,41,PASS
CNAG_01858,41,PASS
CNAG_01071,41,PASS
CNAG_00670,41,PASS
CNAG_04093,41,PASS
CNAG_06136,41,PASS
CNAG_03177,41,PASS
CNAG_03183,41,PASS
CNAG_04768,41,PASS
CNAG_06276,41,PASS
CNAG_05222,41,PASS
CNAG_05622,41,PASS
CNAG_07680,42,PASS
CNAG_02215,42,PASS
CNAG_02387,42,PASS
CNAG_04086,42,PASS
CNAG_00068,42,PASS
CNAG_07491,42,PASS
CNAG_01901,42,PASS
CNAG_05313,42,PASS
CNAG_00442,42,PASS
CNAG_01277,42,PASS
CNAG_00547,42,PASS
CNAG_02219,42,PASS
CNAG_07540,42,PASS
CNAG_00455,42,PASS
CNAG_01061,42,PASS
CNAG_03677,42,PASS
CNAG_05077,42,PASS
CNAG_00776,42,PASS
CNAG_04025,42,PASS
CNAG_01803,42,PASS
CNAG_07542,42,PASS
CNAG_00917,42,PASS
CNAG_05458,42,PASS
CNAG_05459,42,PASS
CNAG_00740,42,PASS
CNAG_04755,42,PASS
CNAG_03172,42,PASS
CNAG_07389,42,Fail
CNAG_06060,42,PASS
CNAG_02045,42,PASS
CNAG_02129,42,PASS
CNAG_00709,42,PASS
CNAG_00157,42,PASS
CNAG_01105,42,PASS
CNAG_03733,42,PASS
CNAG_03194,42,PASS
CNAG_07498,42,PASS
CNAG_00475,42,PASS
CNAG_00587,42,PASS
CNAG_05522,42,PASS
CNAG_03002,42,PASS
CNAG_01642,42,PASS
CNAG_00777,42,PASS
CNAG_03866,42,PASS
CNAG_02165,42,PASS
CNAG_06092,42,PASS
CNAG_06889,42,PASS
CNAG_04141,42,PASS
CNAG_00400,42,PASS
CNAG_04213,42,PASS
CNAG_05392,42,PASS
CNAG_06034,42,PASS
CNAG_05250,42,PASS
CNAG_01232,42,PASS
CNAG_01577,42,PASS
CNAG_01578,42,PASS
CNAG_04962,42,PASS
CNAG_01558,42,PASS
CNAG_07745,42,PASS
CNAG_00130,42,PASS
CNAG_04862,42,PASS
CNAG_02527,42,PASS
CNAG_03400,42,PASS
CNAG_02350,42,PASS
CNAG_04142,42,PASS
CNAG_03461,42,PASS
CNAG_01689,42,PASS
CNAG_05652,42,PASS
CNAG_05658,42,PASS
CNAG_05310,42,PASS
CNAG_05309,42,PASS
CNAG_01949,42,Fail
CNAG_06693,42,PASS
CNAG_04281,42,PASS
CNAG_00115,42,PASS
CNAG_07108,42,PASS
CNAG_02600,42,PASS
CNAG_01174,42,PASS
CNAG_01916,42,PASS
CNAG_06812,42,PASS
CNAG_03397,42,PASS
CNAG_06929,42,PASS
CNAG_07348,42,PASS
CNAG_05178,42,PASS
CNAG_02471,42,Fail
CNAG_06233,42,PASS
CNAG_02942,42,PASS
CNAG_07908,42,PASS
CNAG_07909,42,PASS
CNAG_05303,42,PASS
CNAG_00678,42,PASS
CNAG_01507,42,PASS
CNAG_03854,42,PASS
CNAG_06644,42,PASS
CNAG_06645,42,PASS
CNAG_07629,43,PASS
CNAG_03713,43,PASS
CNAG_06977,43,PASS
CNAG_07318,43,PASS
CNAG_04307,43,PASS
CNAG_00373,43,PASS
CNAG_03304,43,PASS
CNAG_03447,43,PASS
CNAG_03918,43,Fail
CNAG_06589,43,PASS
CNAG_07881,43,PASS
CNAG_04716,43,PASS
CNAG_06727,43,PASS
CNAG_03844,43,PASS
CNAG_03952,43,PASS
CNAG_05082,43,PASS
CNAG_02230,43,PASS
CNAG_05614,43,PASS
CNAG_01027,43,PASS
CNAG_01026,43,PASS
CNAG_01529,43,PASS
CNAG_03503,43,PASS
CNAG_05930,43,PASS
CNAG_04121,43,PASS
CNAG_01964,43,PASS
CNAG_03250,43,PASS
CNAG_05139,43,PASS
CNAG_04221,43,PASS
CNAG_06689,43,PASS
CNAG_04677,43,PASS
CNAG_04612,43,PASS
CNAG_00726,43,PASS
CNAG_06916,43,PASS
CNAG_00869,43,PASS
CNAG_04348,43,PASS
CNAG_07923,43,PASS
CNAG_04793,43,PASS
CNAG_03437,43,PASS
CNAG_02578,43,PASS
CNAG_02579,43,PASS
CNAG_06396,43,PASS
CNAG_01499,43,PASS
CNAG_06559,43,PASS
CNAG_00480,43,PASS
CNAG_01278,43,PASS
CNAG_01836,43,PASS
CNAG_06666,43,PASS
CNAG_03555,43,PASS
CNAG_02595,43,PASS
CNAG_04886,43,PASS
CNAG_06029,43,PASS
CNAG_06249,43,PASS
CNAG_04989,43,PASS
CNAG_03773,43,PASS
CNAG_00417,43,PASS
CNAG_05700,43,PASS
CNAG_05279,43,PASS
CNAG_06521,43,PASS
CNAG_00806,43,PASS
CNAG_01619,43,PASS
CNAG_02900,43,PASS
CNAG_01874,43,PASS
CNAG_01875,43,PASS
CNAG_01859,43,PASS
CNAG_07897,43,PASS
CNAG_02863,43,PASS
CNAG_05692,43,PASS
CNAG_04724,43,PASS
CNAG_06722,43,PASS
CNAG_03673,43,PASS
CNAG_02434,43,PASS
CNAG_06546,43,PASS
CNAG_07364,43,PASS
CNAG_06161,43,PASS
CNAG_05344,43,PASS
CNAG_04399,43,PASS
CNAG_03217,43,PASS
CNAG_02354,43,Fail
CNAG_07842,43,PASS
CNAG_07650,43,PASS
CNAG_06437,43,PASS
CNAG_07341,43,PASS
CNAG_01712,43,PASS
CNAG_05334,43,PASS
CNAG_07614,43,Fail
CNAG_06068,43,PASS
CNAG_01258,43,PASS
CNAG_01362,43,Fail
CNAG_06490,43,Fail
CNAG_06221,43,PASS
CNAG_03190,43,PASS
CNAG_02172,43,PASS
CNAG_00756,43,PASS
CNAG_06260,43,PASS
CNAG_04859,43,PASS
CNAG_04858,44,Primer fail
CNAG_00378,44,PASS
CNAG_00996,44,PASS
CNAG_01017,44,PASS
CNAG_05699,44,PASS
CNAG_03000,44,Fail
CNAG_02421,44,Fail
CNAG_06285,44,PASS
CNAG_06286,44,PASS
CNAG_04228,44,PASS
CNAG_04021,44,PASS
CNAG_06524,44,Fail
CNAG_05690,44,PASS
CNAG_04158,44,PASS
CNAG_02085,44,PASS
CNAG_05469,44,PASS
CNAG_01580,44,PASS
CNAG_00012,44,PASS
CNAG_00025,44,PASS
CNAG_00134,44,PASS
CNAG_00135,44,PASS
CNAG_00153,44,PASS
CNAG_00237,44,Fail
CNAG_00321,44,PASS
CNAG_00353,44,PASS
CNAG_00365,44,PASS
CNAG_00386,44,PASS
CNAG_00387,44,PASS
CNAG_00395,44,PASS
CNAG_00481,44,PASS
CNAG_00567,44,PASS
CNAG_00577,44,PASS
CNAG_00595,44,PASS
CNAG_00634,44,PASS
CNAG_00665,44,PASS
CNAG_00715,44,PASS
CNAG_00759,44,PASS
CNAG_00803,44,PASS
CNAG_00816,44,PASS
CNAG_00823,44,PASS
CNAG_00824,44,Fail
CNAG_00851,44,PASS
CNAG_00908,44,PASS
CNAG_00967,44,PASS
CNAG_01024,44,PASS
CNAG_01038,44,PASS
CNAG_01086,44,PASS
CNAG_01106,44,PASS
CNAG_01188,44,PASS
CNAG_01193,44,PASS
CNAG_01194,44,PASS
CNAG_01195,44,Fail
CNAG_01196,44,PASS
CNAG_01265,44,PASS
CNAG_01270,44,PASS
CNAG_01294,44,PASS
CNAG_01333,44,PASS
CNAG_01335,44,PASS
CNAG_01376,44,PASS
CNAG_01390,44,PASS
CNAG_01419,44,PASS
CNAG_01427,44,PASS
CNAG_01436,44,PASS
CNAG_01440,44,PASS
CNAG_01445,44,PASS
CNAG_01457,44,PASS
CNAG_01467,44,PASS
CNAG_01749,44,PASS
CNAG_01940,44,PASS
CNAG_01986,44,PASS
CNAG_02004,44,PASS
CNAG_02005,44,PASS
CNAG_02053,44,PASS
CNAG_02055,44,PASS
CNAG_02078,44,PASS
CNAG_02086,44,PASS
CNAG_02087,44,PASS
CNAG_02095,44,PASS
CNAG_02139,44,PASS
CNAG_02151,44,PASS
CNAG_02157,44,Fail
CNAG_02197,44,PASS
CNAG_02206,44,PASS
CNAG_02265,44,Fail
CNAG_02317,44,PASS
CNAG_02332,44,PASS
CNAG_02358,44,PASS
CNAG_02374,44,PASS
CNAG_02377,44,PASS
CNAG_02403,44,Fail
CNAG_02430,44,PASS
CNAG_02502,44,PASS
CNAG_02556,44,Fail
CNAG_02686,44,Fail
CNAG_02687,45,PASS
CNAG_02696,45,Fail
CNAG_02785,45,PASS
CNAG_02793,45,PASS
CNAG_02798,45,PASS
CNAG_02805,45,Fail
CNAG_02810,45,PASS
CNAG_02833,45,PASS
CNAG_02868,45,PASS
CNAG_02880,45,PASS
CNAG_02967,45,PASS
CNAG_03028,45,PASS
CNAG_03038,45,PASS
CNAG_03045,45,PASS
CNAG_03065,45,PASS
CNAG_03091,45,PASS
CNAG_03095,45,Fail
CNAG_03152,45,PASS
CNAG_03159,45,PASS
CNAG_03167,45,Fail
CNAG_03195,45,PASS
CNAG_03220,45,PASS
CNAG_01461,45,PASS
CNAG_01466,45,PASS
CNAG_01479,45,Fail
CNAG_01537,45,PASS
CNAG_01546,45,PASS
CNAG_01571,45,PASS
CNAG_01579,45,PASS
CNAG_01596,45,PASS
CNAG_01616,45,PASS
CNAG_01623,45,PASS
CNAG_01632,45,PASS
CNAG_01640,45,PASS
CNAG_01658,45,PASS
CNAG_01706,45,PASS
CNAG_01716,45,PASS
CNAG_01807,45,PASS
CNAG_01827,45,PASS
CNAG_01876,45,Fail
CNAG_01885,45,PASS
CNAG_01980,45,PASS
CNAG_03301,45,PASS
CNAG_03307,45,PASS
CNAG_03311,45,PASS
CNAG_03415,45,PASS
CNAG_03436,45,PASS
CNAG_03033,45,Fail
CNAG_03483,45,PASS
CNAG_03509,45,PASS
CNAG_03533,45,PASS
CNAG_03569,45,PASS
CNAG_03595,45,PASS
CNAG_03634,45,PASS
CNAG_03641,45,PASS
CNAG_03678,45,PASS
CNAG_03680,45,PASS
CNAG_03681,45,PASS
CNAG_03695,45,PASS
CNAG_03697,45,PASS
CNAG_03712,45,PASS
CNAG_03789,45,PASS
CNAG_03811,45,PASS
CNAG_03817,45,PASS
CNAG_03830,45,PASS
CNAG_03839,45,PASS
CNAG_03850,45,PASS
CNAG_03885,45,PASS
CNAG_03893,45,PASS
CNAG_03901,45,PASS
CNAG_03906,45,PASS
CNAG_03932,45,PASS
CNAG_03948,45,PASS
CNAG_03949,45,PASS
CNAG_03955,45,PASS
CNAG_03968,45,PASS
CNAG_03980,45,PASS
CNAG_03981,45,Fail
CNAG_03987,45,PASS
CNAG_03988,45,PASS
CNAG_03994,45,PASS
CNAG_04003,45,PASS
CNAG_04005,45,PASS
CNAG_04009,45,PASS
CNAG_04034,45,PASS
CNAG_04063,45,PASS
CNAG_04067,45,Fail
CNAG_04070,45,PASS
CNAG_04076,45,PASS
CNAG_04097,45,PASS
CNAG_04113,45,PASS
CNAG_04119,45,Fail
CNAG_04129,45,PASS
CNAG_04131,45,PASS
CNAG_04133,45,PASS
CNAG_04156,46,Fail
CNAG_04164,46,PASS
CNAG_04166,46,PASS
CNAG_04170,46,PASS
CNAG_04176,46,PASS
CNAG_04233,46,PASS
CNAG_04252,46,PASS
CNAG_04265,46,PASS
CNAG_04289,46,PASS
CNAG_04175,46,PASS
CNAG_04295,46,PASS
CNAG_04296,46,PASS
CNAG_04329,46,PASS
CNAG_04331,46,PASS
CNAG_04337,46,PASS
CNAG_04368,46,PASS
CNAG_04377,46,PASS
CNAG_04380,46,PASS
CNAG_04382,46,Fail
CNAG_04384,46,PASS
CNAG_04396,46,PASS
CNAG_04403,46,PASS
CNAG_04406,46,PASS
CNAG_04410,46,Primer fail
CNAG_04411,46,PASS
CNAG_04412,46,PASS
CNAG_04413,46,PASS
CNAG_04414,46,PASS
CNAG_04437,46,PASS
CNAG_04443,46,PASS
CNAG_04464,46,PASS
CNAG_04476,46,PASS
CNAG_04486,46,PASS
CNAG_04493,46,PASS
CNAG_04502,46,PASS
CNAG_04511,46,PASS
CNAG_04521,46,PASS
CNAG_04552,46,PASS
CNAG_04583,46,PASS
CNAG_04584,46,PASS
CNAG_04613,46,PASS
CNAG_04614,46,PASS
CNAG_04615,46,PASS
CNAG_04629,46,PASS
CNAG_04638,46,PASS
CNAG_04653,46,PASS
CNAG_04665,46,PASS
CNAG_04676,46,Fail
CNAG_04680,46,PASS
CNAG_04686,46,PASS
CNAG_04693,46,PASS
CNAG_04695,46,PASS
CNAG_04718,46,PASS
CNAG_04720,46,PASS
CNAG_04748,46,PASS
CNAG_04763,46,PASS
CNAG_04767,46,PASS
CNAG_04790,46,PASS
CNAG_04795,46,PASS
CNAG_04796,46,PASS
CNAG_04817,46,PASS
CNAG_04826,46,PASS
CNAG_04830,46,PASS
CNAG_04835,46,PASS
CNAG_04843,46,PASS
CNAG_04845,46,PASS
CNAG_04850,46,PASS
CNAG_04857,46,PASS
CNAG_04865,46,PASS
CNAG_04889,46,PASS
CNAG_04895,46,Fail
CNAG_04899,46,Fail
CNAG_04923,46,PASS
CNAG_04925,46,PASS
CNAG_04931,46,PASS
CNAG_04946,46,PASS
CNAG_04954,46,PASS
CNAG_04998,46,PASS
CNAG_05000,46,PASS
CNAG_05005,46,PASS
CNAG_05015,46,PASS
CNAG_05024,46,PASS
CNAG_05027,46,PASS
CNAG_05028,46,PASS
CNAG_05036,46,PASS
CNAG_05042,46,PASS
CNAG_05060,46,PASS
CNAG_05069,46,PASS
CNAG_05070,46,PASS
CNAG_05083,46,PASS
CNAG_05089,46,PASS
CNAG_05094,46,PASS
CNAG_05165,46,Fail
CNAG_05185,46,PASS
CNAG_05186,46,PASS
CNAG_05187,47,PASS
CNAG_05189,47,PASS
CNAG_05201,47,PASS
CNAG_05202,47,PASS
CNAG_05217,47,PASS
CNAG_05220,47,PASS
CNAG_05231,47,PASS
CNAG_05233,47,PASS
CNAG_05248,47,PASS
CNAG_05258,47,PASS
CNAG_05267,47,PASS
CNAG_05268,47,PASS
CNAG_05270,47,PASS
CNAG_05285,47,PASS
CNAG_05297,47,PASS
CNAG_05307,47,PASS
CNAG_05317,47,PASS
CNAG_05339,47,PASS
CNAG_05358,47,PASS
CNAG_05364,47,Fail
CNAG_05365,47,Fail
CNAG_05378,47,PASS
CNAG_05418,47,PASS
CNAG_05462,47,Fail
CNAG_05466,47,PASS
CNAG_05468,47,PASS
CNAG_05521,47,PASS
CNAG_05526,47,PASS
CNAG_05529,47,PASS
CNAG_05537,47,PASS
CNAG_05545,47,PASS
CNAG_05551,47,PASS
CNAG_05552,47,PASS
CNAG_05556,47,PASS
CNAG_05564,47,PASS
CNAG_05567,47,PASS
CNAG_05568,47,PASS
CNAG_05604,47,PASS
CNAG_05605,47,PASS
CNAG_05606,47,PASS
CNAG_05608,47,PASS
CNAG_05612,47,PASS
CNAG_05618,47,PASS
CNAG_05628,47,PASS
CNAG_05648,47,PASS
CNAG_05665,47,PASS
CNAG_05688,47,PASS
CNAG_05693,47,PASS
CNAG_05705,47,PASS
CNAG_05706,47,Fail
CNAG_05740,47,Fail
CNAG_05746,47,Fail
CNAG_05758,47,PASS
CNAG_05766,47,PASS
CNAG_05789,47,PASS
CNAG_05795,47,PASS
CNAG_05819,47,PASS
CNAG_05831,47,PASS
CNAG_05832,47,PASS
CNAG_05851,47,PASS
CNAG_05871,47,PASS
CNAG_05879,47,PASS
CNAG_05881,47,PASS
CNAG_05898,47,PASS
CNAG_05919,47,PASS
CNAG_05924,47,PASS
CNAG_05938,47,PASS
CNAG_05964,47,PASS
CNAG_05966,47,PASS
CNAG_05967,47,Primer fail
CNAG_05970,47,Fail
CNAG_05981,47,PASS
CNAG_06006,47,PASS
CNAG_06008,47,PASS
CNAG_06014,47,PASS
CNAG_06020,47,PASS
CNAG_06035,47,PASS
CNAG_06048,47,PASS
CNAG_06049,47,PASS
CNAG_06051,47,PASS
CNAG_06064,47,PASS
CNAG_06065,47,PASS
CNAG_06071,47,PASS
CNAG_06075,47,PASS
CNAG_06088,47,PASS
CNAG_06090,47,PASS
CNAG_06094,47,PASS
CNAG_06105,47,PASS
CNAG_06113,47,PASS
CNAG_06114,47,PASS
CNAG_06116,47,PASS
CNAG_06124,47,PASS
CNAG_06128,47,PASS
CNAG_06158,47,PASS
CNAG_06174,47,PASS
CNAG_06181,48,PASS
CNAG_06199,48,PASS
CNAG_06217,48,PASS
CNAG_06227,48,PASS
CNAG_06234,48,PASS
CNAG_06237,48,PASS
CNAG_06243,48,PASS
CNAG_06244,48,PASS
CNAG_06248,48,PASS
CNAG_06275,48,PASS
CNAG_06390,48,PASS
CNAG_06392,48,Primer fail
CNAG_06436,48,PASS
CNAG_06448,48,PASS
CNAG_06460,48,PASS
CNAG_06483,48,PASS
CNAG_06491,48,PASS
CNAG_06509,48,PASS
CNAG_06519,48,Fail
CNAG_06526,48,Fail
CNAG_06542,48,PASS
CNAG_06556,48,PASS
CNAG_06564,48,PASS
CNAG_06596,48,PASS
CNAG_06604,48,PASS
CNAG_06639,48,PASS
CNAG_06640,48,PASS
CNAG_06705,48,PASS
CNAG_06710,48,PASS
CNAG_06724,48,PASS
CNAG_06732,48,PASS
CNAG_06739,48,PASS
CNAG_06775,48,PASS
CNAG_06787,48,PASS
CNAG_06795,48,PASS
CNAG_06810,48,PASS
CNAG_06844,48,Fail
CNAG_06848,48,PASS
CNAG_06852,48,PASS
CNAG_06874,48,PASS
CNAG_06887,48,PASS
CNAG_06891,48,PASS
CNAG_06894,48,PASS
CNAG_06921,48,PASS
CNAG_06942,48,PASS
CNAG_06976,48,PASS
CNAG_06999,48,PASS
CNAG_07000,48,PASS
CNAG_07093,48,Fail
CNAG_07315,48,PASS
CNAG_07316,48,PASS
CNAG_07326,48,Fail
CNAG_07336,48,PASS
CNAG_07353,48,PASS
CNAG_07359,48,PASS
CNAG_07360,48,PASS
CNAG_07366,48,Fail
CNAG_07369,48,PASS
CNAG_07376,48,PASS
CNAG_07385,48,Fail
CNAG_07391,48,PASS
CNAG_07392,48,PASS
CNAG_07403,48,PASS
CNAG_07408,48,PASS
CNAG_07418,48,PASS
CNAG_07433,48,PASS
CNAG_07462,48,PASS
CNAG_07467,48,PASS
CNAG_07483,48,PASS
CNAG_07485,48,PASS
CNAG_07506,48,PASS
CNAG_07513,48,Fail
CNAG_07521,48,PASS
CNAG_07568,48,PASS
CNAG_07569,48,PASS
CNAG_07757,48,PASS
CNAG_07763,48,PASS
CNAG_07764,48,PASS
CNAG_07767,48,PASS
CNAG_07771,48,PASS
CNAG_07774,48,PASS
CNAG_07775,48,PASS
CNAG_07782,48,PASS
CNAG_07794,48,PASS
CNAG_07795,48,PASS
CNAG_07796,48,Fail
CNAG_07806,48,PASS
CNAG_07807,48,PASS
CNAG_07809,48,PASS
CNAG_07812,48,PASS
CNAG_07814,48,PASS
CNAG_07815,48,PASS
CNAG_07924,48,PASS